venue,cc4,amount,ts
Brew've Been Served,4795,11.34,2014-01-06 07:28
Hallowed Grounds,7108,52.22,2014-01-06 07:34
Brew've Been Served,6816,8.33,2014-01-06 07:35
Hallowed Grounds,9617,16.72,2014-01-06 07:36
Brew've Been Served,7384,4.24,2014-01-06 07:37
Brew've Been Served,5368,4.17,2014-01-06 07:38
Coffee Cameleon,7253,28.73,2014-01-06 07:42
Brew've Been Served,4948,9.6,2014-01-06 07:43
Brew've Been Served,9683,16.9,2014-01-06 07:43
Hallowed Grounds,8129,16.53,2014-01-06 07:47
Hallowed Grounds,3492,10.66,2014-01-06 07:48
Coffee Cameleon,5921,8.39,2014-01-06 07:49
Brew've Been Served,9405,32.83,2014-01-06 07:52
Hallowed Grounds,7889,16.88,2014-01-06 07:54
Coffee Cameleon,2142,11.86,2014-01-06 07:54
Hallowed Grounds,2681,32.93,2014-01-06 07:54
Hallowed Grounds,9551,8.05,2014-01-06 07:55
Brew've Been Served,3484,3.67,2014-01-06 07:55
Brew've Been Served,7819,8.88,2014-01-06 07:59
Brew've Been Served,5407,4.27,2014-01-06 08:00
Hallowed Grounds,6691,9.69,2014-01-06 08:00
Hallowed Grounds,1874,10.07,2014-01-06 08:01
Brew've Been Served,3853,18.24,2014-01-06 08:06
Brew've Been Served,4434,15.58,2014-01-06 08:06
Brew've Been Served,6901,5.66,2014-01-06 08:07
Coffee Cameleon,2418,3.2,2014-01-06 08:14
Brew've Been Served,1286,14.97,2014-01-06 08:16
Brew've Been Served,8411,11.2,2014-01-06 08:16
Brew've Been Served,8202,15.39,2014-01-06 08:17
Abila Airport,9220,4540.08,2014-01-06 08:23
Kronos Pipe and Irrigation,9220,242.21,2014-01-06 09:06
Nationwide Refinery,9735,761.64,2014-01-06 10:02
Maximum Iron and Steel,9220,2859.51,2014-01-06 10:18
Stewart and Sons Fabrication,9735,2144.62,2014-01-06 11:33
Carlyle Chemical Inc.,9220,3959.66,2014-01-06 11:57
Coffee Shack,7117,51.51,2014-01-06 12:00
Bean There Done That,1415,10.28,2014-01-06 12:00
Bean There Done That,9635,16.09,2014-01-06 12:00
Brewed Awakenings,7688,5.72,2014-01-06 12:00
Jack's Magical Beans,6899,11.03,2014-01-06 12:00
Brewed Awakenings,2540,16.89,2014-01-06 12:00
Bean There Done That,1877,8.54,2014-01-06 12:00
Brewed Awakenings,8332,4.35,2014-01-06 12:00
Bean There Done That,1321,5.24,2014-01-06 12:00
Bean There Done That,6895,4.27,2014-01-06 12:00
Jack's Magical Beans,9241,18.59,2014-01-06 12:00
Jack's Magical Beans,8156,27.84,2014-01-06 12:00
Jack's Magical Beans,2463,18.1,2014-01-06 12:00
Abila Airport,8642,1873.79,2014-01-06 12:16
Katerina's Cafe,8332,13.68,2014-01-06 12:56
Hippokampos,8156,9.16,2014-01-06 12:57
Abila Zacharo,2418,106.93,2014-01-06 13:18
Gelatogalore,7253,12.74,2014-01-06 13:19
Kalami Kafenion,3484,70.1,2014-01-06 13:19
Hippokampos,6691,34.03,2014-01-06 13:20
Hippokampos,9551,28.23,2014-01-06 13:21
Ouzeri Elian,2540,38.9,2014-01-06 13:22
Hippokampos,4795,13.26,2014-01-06 13:23
Guy's Gyros,1415,15.44,2014-01-06 13:24
Abila Zacharo,7688,30.08,2014-01-06 13:27
Abila Zacharo,1286,50.14,2014-01-06 13:27
Katerina's Cafe,8411,33.54,2014-01-06 13:28
Kalami Kafenion,5407,8.64,2014-01-06 13:28
Guy's Gyros,7384,16.92,2014-01-06 13:30
Hippokampos,2681,36.54,2014-01-06 13:35
Abila Zacharo,7354,92.05,2014-01-06 13:35
Ouzeri Elian,6816,20.56,2014-01-06 13:37
Guy's Gyros,1310,11.22,2014-01-06 13:39
Gelatogalore,7889,22.64,2014-01-06 13:41
Ouzeri Elian,6895,20.4,2014-01-06 13:42
Guy's Gyros,9635,30.82,2014-01-06 13:46
Katerina's Cafe,6899,18.56,2014-01-06 13:46
Guy's Gyros,2463,99.67,2014-01-06 13:46
Kalami Kafenion,1321,22.13,2014-01-06 13:47
Ouzeri Elian,5368,20.74,2014-01-06 13:48
Ouzeri Elian,5921,30.87,2014-01-06 13:48
Katerina's Cafe,1874,13.59,2014-01-06 13:50
Katerina's Cafe,9617,32.64,2014-01-06 13:50
Kalami Kafenion,4434,22.31,2014-01-06 13:52
Gelatogalore,3492,36.33,2014-01-06 13:52
Katerina's Cafe,2142,36.95,2014-01-06 13:53
Abila Zacharo,9405,23.15,2014-01-06 13:54
Hippokampos,1877,8.64,2014-01-06 13:57
Hippokampos,8202,38.25,2014-01-06 13:58
Katerina's Cafe,3853,39.41,2014-01-06 13:59
Kalami Kafenion,7117,13.08,2014-01-06 14:00
Gelatogalore,7819,23.41,2014-01-06 14:00
Hippokampos,4948,30.88,2014-01-06 14:04
Abila Zacharo,7108,78.11,2014-01-06 14:05
Kalami Kafenion,8129,27.4,2014-01-06 14:15
Katerina's Cafe,6901,19.65,2014-01-06 14:17
Abila Airport,9220,777.06,2014-01-06 15:14
Abila Airport,8642,612.47,2014-01-06 15:39
U-Pump,3484,59.51,2014-01-06 17:28
Katerina's Cafe,8411,78.65,2014-01-06 18:56
Katerina's Cafe,8129,26.46,2014-01-06 19:08
Guy's Gyros,7384,39.29,2014-01-06 19:18
Frydos Autosupply n' More,9241,273.87,2014-01-06 19:50
Katerina's Cafe,7253,23.63,2014-01-06 20:07
Katerina's Cafe,1874,12.32,2014-01-06 20:08
Guy's Gyros,6901,11.94,2014-01-06 20:09
Frydos Autosupply n' More,8202,80.85,2014-01-06 20:12
Guy's Gyros,3484,22.57,2014-01-06 20:13
Guy's Gyros,6816,117.82,2014-01-06 20:15
Frydos Autosupply n' More,5368,175.87,2014-01-06 20:15
Katerina's Cafe,2418,21.66,2014-01-06 20:19
Hippokampos,1321,35.34,2014-01-06 20:20
Guy's Gyros,7819,28.94,2014-01-06 20:24
Albert's Fine Clothing,9551,276.9,2014-01-06 20:26
Guy's Gyros,7108,95.29,2014-01-06 20:28
Hippokampos,6895,85.5,2014-01-06 20:29
Katerina's Cafe,9405,17.92,2014-01-06 20:29
Katerina's Cafe,6691,28,2014-01-06 20:30
Katerina's Cafe,5921,15.52,2014-01-06 20:33
Hippokampos,1877,26.8,2014-01-06 20:36
Hippokampos,7117,24.41,2014-01-06 20:46
Hippokampos,1415,21.33,2014-01-06 20:46
Frydos Autosupply n' More,5407,149.3,2014-01-06 20:47
Shoppers' Delight,7354,293.67,2014-01-06 20:49
Hippokampos,7688,17.27,2014-01-06 20:52
Katerina's Cafe,3492,26.1,2014-01-06 20:59
Katerina's Cafe,9617,10.72,2014-01-06 21:03
Albert's Fine Clothing,4434,121.76,2014-01-06 21:03
Hippokampos,8156,28.14,2014-01-06 21:11
Katerina's Cafe,4948,26.51,2014-01-06 21:12
Frydos Autosupply n' More,2142,197.32,2014-01-06 21:23
Frydos Autosupply n' More,1310,314.98,2014-01-06 21:32
Hippokampos,8332,20.61,2014-01-06 21:52
Brew've Been Served,7384,5.08,2014-01-07 07:27
Brew've Been Served,5368,12.74,2014-01-07 07:31
Brew've Been Served,4795,7.09,2014-01-07 07:33
Hallowed Grounds,7889,14.05,2014-01-07 07:35
Hallowed Grounds,8129,8.91,2014-01-07 07:37
Hallowed Grounds,1874,19.59,2014-01-07 07:41
Brew've Been Served,6816,19.6,2014-01-07 07:45
Hallowed Grounds,9551,84.44,2014-01-07 07:46
Coffee Cameleon,5921,9.1,2014-01-07 07:46
Hallowed Grounds,1310,7.88,2014-01-07 07:47
Hallowed Grounds,7108,18.97,2014-01-07 07:48
Coffee Cameleon,7253,27.66,2014-01-07 07:49
Brew've Been Served,5407,4.39,2014-01-07 07:50
Hallowed Grounds,3492,9.61,2014-01-07 07:50
Brew've Been Served,4434,3,2014-01-07 07:52
Brew've Been Served,1286,11.92,2014-01-07 07:54
Brew've Been Served,3484,69.06,2014-01-07 07:55
Brew've Been Served,9683,98.53,2014-01-07 07:56
Hallowed Grounds,6691,10.33,2014-01-07 07:57
Brew've Been Served,8202,17.4,2014-01-07 07:58
Brew've Been Served,4948,11.91,2014-01-07 08:00
Coffee Cameleon,2142,11.55,2014-01-07 08:00
Coffee Cameleon,2418,52.44,2014-01-07 08:01
Hallowed Grounds,9617,9.92,2014-01-07 08:01
Hallowed Grounds,2681,68.42,2014-01-07 08:01
Brew've Been Served,9405,14.49,2014-01-07 08:02
Brew've Been Served,7819,3.03,2014-01-07 08:06
Brew've Been Served,8411,15.66,2014-01-07 08:09
Brew've Been Served,6901,47.74,2014-01-07 08:18
Abila Airport,3506,3840.37,2014-01-07 09:17
Stewart and Sons Fabrication,3506,1200.9,2014-01-07 10:05
Nationwide Refinery,9735,1347.36,2014-01-07 10:11
Stewart and Sons Fabrication,9735,1843.33,2014-01-07 11:31
Nationwide Refinery,7792,1562.66,2014-01-07 11:39
Coffee Shack,7117,16.63,2014-01-07 12:00
Bean There Done That,1415,51.25,2014-01-07 12:00
Brewed Awakenings,7688,12.17,2014-01-07 12:00
Jack's Magical Beans,6899,23.68,2014-01-07 12:00
Brewed Awakenings,3853,64.84,2014-01-07 12:00
Brewed Awakenings,2540,71.59,2014-01-07 12:00
Bean There Done That,1877,53.89,2014-01-07 12:00
Brewed Awakenings,8332,6.72,2014-01-07 12:00
Bean There Done That,1321,8.03,2014-01-07 12:00
Bean There Done That,6895,46.25,2014-01-07 12:00
Jack's Magical Beans,9241,18.77,2014-01-07 12:00
Jack's Magical Beans,8156,19.61,2014-01-07 12:00
Jack's Magical Beans,2463,69.84,2014-01-07 12:00
Nationwide Refinery,3506,1071.04,2014-01-07 12:02
Abila Airport,8642,124.89,2014-01-07 12:29
Katerina's Cafe,7792,59.07,2014-01-07 13:08
Guy's Gyros,8156,29.57,2014-01-07 13:13
Abila Zacharo,1415,13.52,2014-01-07 13:20
Gelatogalore,8332,35.06,2014-01-07 13:20
Guy's Gyros,7354,38.56,2014-01-07 13:20
Kalami Kafenion,1286,45.05,2014-01-07 13:24
Kalami Kafenion,5407,11.64,2014-01-07 13:24
Abila Zacharo,6899,82.25,2014-01-07 13:25
Ouzeri Elian,2142,29.1,2014-01-07 13:29
Gelatogalore,1310,51.64,2014-01-07 13:30
Ouzeri Elian,4948,28.37,2014-01-07 13:32
Abila Zacharo,7688,52.72,2014-01-07 13:33
Gelatogalore,7253,34.04,2014-01-07 13:33
Katerina's Cafe,7889,22.27,2014-01-07 13:33
Guy's Gyros,6816,11.31,2014-01-07 13:33
Kalami Kafenion,4795,18.06,2014-01-07 13:33
Ouzeri Elian,6895,64.84,2014-01-07 13:34
Gelatogalore,2463,8.98,2014-01-07 13:35
Gelatogalore,9551,21.52,2014-01-07 13:37
Gelatogalore,9405,17.21,2014-01-07 13:39
Katerina's Cafe,3484,51.41,2014-01-07 13:41
Abila Zacharo,9683,17.81,2014-01-07 13:41
Ouzeri Elian,5368,97.71,2014-01-07 13:42
Abila Zacharo,2418,32.4,2014-01-07 13:44
Kalami Kafenion,1877,22.83,2014-01-07 13:45
Guy's Gyros,9635,10.11,2014-01-07 13:46
Kalami Kafenion,7108,22.14,2014-01-07 13:46
Gelatogalore,2681,36.5,2014-01-07 13:49
Ouzeri Elian,8411,21.85,2014-01-07 13:50
Gelatogalore,1874,71.77,2014-01-07 13:52
Hippokampos,3853,51.69,2014-01-07 13:53
Gelatogalore,5921,88.97,2014-01-07 13:54
Abila Zacharo,7819,65.9,2014-01-07 13:55
Ouzeri Elian,1321,16.2,2014-01-07 13:56
Katerina's Cafe,8202,37.44,2014-01-07 13:57
Gelatogalore,6691,15.4,2014-01-07 13:57
Hippokampos,3492,76.11,2014-01-07 14:00
Katerina's Cafe,4434,10.9,2014-01-07 14:07
Guy's Gyros,9617,12.57,2014-01-07 14:09
Ouzeri Elian,6901,59.51,2014-01-07 14:09
Hippokampos,8129,37.57,2014-01-07 14:11
Abila Scrapyard,2276,2149.28,2014-01-07 14:16
Kronos Pipe and Irrigation,4530,3920.82,2014-01-07 14:19
Carlyle Chemical Inc.,7792,4803.13,2014-01-07 14:34
Stewart and Sons Fabrication,2276,962.2,2014-01-07 15:03
Maximum Iron and Steel,4530,3207.31,2014-01-07 15:20
Abila Airport,8642,3411.29,2014-01-07 15:41
Nationwide Refinery,2276,889.58,2014-01-07 16:24
Guy's Gyros,7819,14.87,2014-01-07 19:45
Guy's Gyros,3484,31.23,2014-01-07 19:48
Hippokampos,1877,20.17,2014-01-07 20:01
Hippokampos,1415,11.56,2014-01-07 20:02
Albert's Fine Clothing,6895,308.36,2014-01-07 20:04
Katerina's Cafe,7253,19.49,2014-01-07 20:09
Albert's Fine Clothing,7117,78.91,2014-01-07 20:10
Guy's Gyros,7384,42.25,2014-01-07 20:10
Guy's Gyros,4795,26.82,2014-01-07 20:10
Katerina's Cafe,2142,10.07,2014-01-07 20:11
Guy's Gyros,9683,76.71,2014-01-07 20:11
Katerina's Cafe,1874,55.63,2014-01-07 20:12
Katerina's Cafe,7889,94.75,2014-01-07 20:13
Katerina's Cafe,8202,65.02,2014-01-07 20:13
Guy's Gyros,3853,62.33,2014-01-07 20:14
Ouzeri Elian,9241,11.41,2014-01-07 20:15
Katerina's Cafe,8411,31.6,2014-01-07 20:18
Guy's Gyros,7354,89.76,2014-01-07 20:19
Frydos Autosupply n' More,6901,312.73,2014-01-07 20:20
Katerina's Cafe,5921,19.53,2014-01-07 20:32
Katerina's Cafe,9617,17.26,2014-01-07 20:33
Katerina's Cafe,6691,25.54,2014-01-07 20:33
Hippokampos,1321,70.19,2014-01-07 20:34
Guy's Gyros,5368,23.12,2014-01-07 20:34
Katerina's Cafe,3492,32.83,2014-01-07 20:47
Ouzeri Elian,2681,20.53,2014-01-07 20:49
Hippokampos,8156,32.99,2014-01-07 20:51
Katerina's Cafe,9405,33.29,2014-01-07 21:01
Hippokampos,2540,21.2,2014-01-07 21:03
Hippokampos,2463,37.88,2014-01-07 21:17
Katerina's Cafe,1310,18.35,2014-01-07 21:19
Hippokampos,7688,35.85,2014-01-07 21:21
Hippokampos,8332,22.18,2014-01-07 21:51
Brew've Been Served,7354,15.66,2014-01-08 07:31
Hallowed Grounds,7108,12.19,2014-01-08 07:39
Hallowed Grounds,1874,8.15,2014-01-08 07:39
Hallowed Grounds,1310,8.28,2014-01-08 07:39
Hallowed Grounds,8129,5.85,2014-01-08 07:40
Brew've Been Served,4948,3.09,2014-01-08 07:42
Hallowed Grounds,9617,3.4,2014-01-08 07:43
Hallowed Grounds,3492,3.11,2014-01-08 07:47
Brew've Been Served,3853,32.92,2014-01-08 07:48
Brew've Been Served,6816,8.27,2014-01-08 07:48
Brew've Been Served,9683,19.17,2014-01-08 07:48
Brew've Been Served,9405,33.68,2014-01-08 07:50
Hallowed Grounds,2681,3.9,2014-01-08 07:50
Coffee Cameleon,7253,6.59,2014-01-08 07:51
Coffee Cameleon,5921,12.26,2014-01-08 07:52
Hallowed Grounds,7889,79.92,2014-01-08 07:55
Brew've Been Served,3484,91.87,2014-01-08 07:55
Hallowed Grounds,9551,12.86,2014-01-08 07:56
Brew've Been Served,5368,74.88,2014-01-08 07:57
Hallowed Grounds,6691,11.63,2014-01-08 07:57
Brew've Been Served,5407,8.4,2014-01-08 07:58
Coffee Cameleon,2142,15.71,2014-01-08 07:59
Brew've Been Served,4795,32.3,2014-01-08 08:00
Brew've Been Served,8202,3.92,2014-01-08 08:01
Brew've Been Served,7819,17.13,2014-01-08 08:01
Brew've Been Served,7384,3.42,2014-01-08 08:01
Brew've Been Served,6901,10.15,2014-01-08 08:03
Brew've Been Served,8411,11.48,2014-01-08 08:09
Brew've Been Served,1286,7.26,2014-01-08 08:16
Brew've Been Served,4434,6.3,2014-01-08 08:18
Coffee Cameleon,2418,16.17,2014-01-08 08:22
Carlyle Chemical Inc.,7792,3048.31,2014-01-08 09:43
Nationwide Refinery,9152,4513.16,2014-01-08 09:54
Nationwide Refinery,9735,3674.32,2014-01-08 10:14
Stewart and Sons Fabrication,9152,1738.26,2014-01-08 11:28
Stewart and Sons Fabrication,9735,1673.77,2014-01-08 11:58
Coffee Shack,7117,13.13,2014-01-08 12:00
Bean There Done That,1415,17.45,2014-01-08 12:00
Bean There Done That,9635,12.07,2014-01-08 12:00
Brewed Awakenings,7688,11.73,2014-01-08 12:00
Jack's Magical Beans,6899,3.96,2014-01-08 12:00
Brewed Awakenings,2540,12.32,2014-01-08 12:00
Bean There Done That,1877,8.06,2014-01-08 12:00
Brewed Awakenings,8332,15.03,2014-01-08 12:00
Bean There Done That,1321,94.96,2014-01-08 12:00
Jack's Magical Beans,9241,18.78,2014-01-08 12:00
Jack's Magical Beans,8156,12.37,2014-01-08 12:00
Jack's Magical Beans,2463,31.25,2014-01-08 12:00
Frank's Fuel,3853,65.34,2014-01-08 12:29
Abila Airport,8642,2723.18,2014-01-08 12:45
Chostus Hotel,2540,107.51,2014-01-08 12:56
Carlyle Chemical Inc.,4530,4983.52,2014-01-08 13:03
Abila Zacharo,5407,22.13,2014-01-08 13:10
Hippokampos,8332,26.55,2014-01-08 13:12
Hippokampos,4795,9.03,2014-01-08 13:15
Katerina's Cafe,7792,29.26,2014-01-08 13:19
Chostus Hotel,9683,111.89,2014-01-08 13:19
Ouzeri Elian,8156,109.73,2014-01-08 13:21
Abila Zacharo,2463,36.85,2014-01-08 13:23
Hippokampos,7253,16.59,2014-01-08 13:26
Gelatogalore,8411,32.79,2014-01-08 13:27
Katerina's Cafe,6899,8.53,2014-01-08 13:28
Gelatogalore,9405,20.72,2014-01-08 13:28
Kalami Kafenion,5921,24.08,2014-01-08 13:29
Hippokampos,1321,37.89,2014-01-08 13:31
Guy's Gyros,7384,30.12,2014-01-08 13:32
Abila Zacharo,1415,14.41,2014-01-08 13:34
Katerina's Cafe,1310,88.98,2014-01-08 13:34
Gelatogalore,1286,50.36,2014-01-08 13:38
Gelatogalore,3484,119.75,2014-01-08 13:39
Guy's Gyros,3853,77.9,2014-01-08 13:40
Katerina's Cafe,2142,26.45,2014-01-08 13:41
Gelatogalore,7889,35.29,2014-01-08 13:42
Kalami Kafenion,8202,22.49,2014-01-08 13:42
Katerina's Cafe,6895,57.04,2014-01-08 13:42
Hippokampos,9551,39.8,2014-01-08 13:43
Kalami Kafenion,7354,31.96,2014-01-08 13:44
Kalami Kafenion,3492,23.82,2014-01-08 13:45
Abila Zacharo,2681,28.25,2014-01-08 13:46
Katerina's Cafe,1877,27.05,2014-01-08 13:47
Gelatogalore,2418,22.27,2014-01-08 13:47
Ouzeri Elian,5368,104.92,2014-01-08 13:47
Hippokampos,9635,28.79,2014-01-08 13:48
Gelatogalore,7819,116.72,2014-01-08 13:48
Guy's Gyros,1874,15.86,2014-01-08 13:51
Abila Zacharo,6901,30.85,2014-01-08 13:51
Kalami Kafenion,6816,14.77,2014-01-08 13:52
Abila Zacharo,9617,16.2,2014-01-08 13:53
Guy's Gyros,4434,10.34,2014-01-08 13:57
Katerina's Cafe,7108,22.94,2014-01-08 14:06
Kronos Pipe and Irrigation,4530,3615.61,2014-01-08 14:09
Kalami Kafenion,7117,34.98,2014-01-08 14:15
Gelatogalore,4948,39.94,2014-01-08 14:17
Kalami Kafenion,8129,31.43,2014-01-08 14:19
Carlyle Chemical Inc.,7792,4901.88,2014-01-08 14:26
Maximum Iron and Steel,4530,3136.01,2014-01-08 15:18
Abila Airport,8642,2769.12,2014-01-08 15:29
Hippokampos,1415,10.52,2014-01-08 19:21
Hippokampos,2540,16.54,2014-01-08 19:28
Katerina's Cafe,5407,34.25,2014-01-08 19:32
Guy's Gyros,7354,15.69,2014-01-08 19:36
Guy's Gyros,4434,30.48,2014-01-08 19:48
Katerina's Cafe,8411,13.83,2014-01-08 20:00
Hippokampos,6895,32.66,2014-01-08 20:02
Guy's Gyros,7384,28.81,2014-01-08 20:07
Frydos Autosupply n' More,2418,214.07,2014-01-08 20:07
Guy's Gyros,5368,33.02,2014-01-08 20:08
Katerina's Cafe,1310,31.59,2014-01-08 20:08
Ouzeri Elian,1286,62.2,2014-01-08 20:12
Guy's Gyros,3484,99.08,2014-01-08 20:15
Frydos Autosupply n' More,3853,182.56,2014-01-08 20:17
Guy's Gyros,9683,18.24,2014-01-08 20:17
Katerina's Cafe,2142,33.31,2014-01-08 20:27
Hippokampos,7117,96.75,2014-01-08 20:28
Frydos Autosupply n' More,6691,268.89,2014-01-08 20:28
Katerina's Cafe,7889,36.6,2014-01-08 20:31
Katerina's Cafe,8202,16.93,2014-01-08 20:35
Katerina's Cafe,5921,92.83,2014-01-08 20:42
Albert's Fine Clothing,9635,136.01,2014-01-08 20:45
Hippokampos,8332,15.64,2014-01-08 20:49
Hippokampos,7688,26.31,2014-01-08 20:53
Guy's Gyros,6901,10.28,2014-01-08 20:57
Guy's Gyros,7819,22.91,2014-01-08 20:58
General Grocer,7108,265.84,2014-01-08 21:00
Katerina's Cafe,4948,28.86,2014-01-08 21:02
Katerina's Cafe,1874,27.87,2014-01-08 21:09
Ouzeri Elian,9551,30.81,2014-01-08 21:16
Ouzeri Elian,6899,29.85,2014-01-08 21:17
Hippokampos,2463,78.99,2014-01-08 21:32
Coffee Cameleon,7253,12.47,2014-01-09 07:35
Brew've Been Served,9683,70.71,2014-01-09 07:36
Hallowed Grounds,1310,17.56,2014-01-09 07:37
Coffee Cameleon,5921,19.99,2014-01-09 07:37
Hallowed Grounds,7108,56.77,2014-01-09 07:42
Brew've Been Served,5368,5.43,2014-01-09 07:43
Hallowed Grounds,8129,75.24,2014-01-09 07:46
Brew've Been Served,4948,4.4,2014-01-09 07:46
Brew've Been Served,7384,5.3,2014-01-09 07:48
Brew've Been Served,7354,34.85,2014-01-09 07:48
Brew've Been Served,4795,5.13,2014-01-09 07:48
Hallowed Grounds,9551,34.45,2014-01-09 07:50
Hallowed Grounds,7889,19.22,2014-01-09 07:51
Brew've Been Served,8202,98.25,2014-01-09 07:56
Hallowed Grounds,9617,18.48,2014-01-09 07:57
Brew've Been Served,8411,5.26,2014-01-09 07:57
Hallowed Grounds,9405,50.25,2014-01-09 07:57
Brew've Been Served,6901,19.47,2014-01-09 07:58
Brew've Been Served,7819,6.61,2014-01-09 08:00
Brew've Been Served,4434,6.21,2014-01-09 08:00
Brew've Been Served,3484,92.12,2014-01-09 08:01
Coffee Cameleon,2142,16.13,2014-01-09 08:03
Hallowed Grounds,3492,65.68,2014-01-09 08:07
Brew've Been Served,1286,17.64,2014-01-09 08:14
Brew've Been Served,5407,5.57,2014-01-09 08:15
Hallowed Grounds,2681,15.33,2014-01-09 08:15
Abila Airport,3506,2358.22,2014-01-09 09:26
Carlyle Chemical Inc.,7792,529.47,2014-01-09 09:54
Nationwide Refinery,9735,674.28,2014-01-09 10:16
Stewart and Sons Fabrication,3506,1015.65,2014-01-09 10:38
Carlyle Chemical Inc.,4530,732.82,2014-01-09 11:21
Nationwide Refinery,7792,289.3,2014-01-09 11:34
Stewart and Sons Fabrication,9735,3544,2014-01-09 11:37
Coffee Shack,7117,5.01,2014-01-09 12:00
Bean There Done That,1415,13,2014-01-09 12:00
Brewed Awakenings,7688,11.76,2014-01-09 12:00
Jack's Magical Beans,6899,10.11,2014-01-09 12:00
Jack's Magical Beans,3853,6,2014-01-09 12:00
Brewed Awakenings,2540,13.16,2014-01-09 12:00
Bean There Done That,1877,4.06,2014-01-09 12:00
Brewed Awakenings,8332,17.66,2014-01-09 12:00
Bean There Done That,1321,15.53,2014-01-09 12:00
Jack's Magical Beans,9241,12.13,2014-01-09 12:00
Jack's Magical Beans,8156,15.55,2014-01-09 12:00
Jack's Magical Beans,2463,37.43,2014-01-09 12:00
Abila Airport,8642,202.93,2014-01-09 12:13
Nationwide Refinery,3506,1440.39,2014-01-09 12:49
Ouzeri Elian,8332,31.03,2014-01-09 12:59
Katerina's Cafe,7253,17.02,2014-01-09 13:03
Gelatogalore,5407,19.2,2014-01-09 13:12
Abila Airport,2276,4792.5,2014-01-09 13:18
Ouzeri Elian,7688,26.09,2014-01-09 13:21
Gelatogalore,4795,23.45,2014-01-09 13:21
Guy's Gyros,7354,105.4,2014-01-09 13:21
Gelatogalore,6899,8.6,2014-01-09 13:23
Gelatogalore,2540,56.74,2014-01-09 13:23
Ouzeri Elian,6816,22.4,2014-01-09 13:23
Katerina's Cafe,7792,16.98,2014-01-09 13:23
Abila Zacharo,3484,8.16,2014-01-09 13:24
Kalami Kafenion,6895,110.76,2014-01-09 13:27
Katerina's Cafe,8156,25.85,2014-01-09 13:27
Guy's Gyros,7889,13.59,2014-01-09 13:28
Hippokampos,2418,27.47,2014-01-09 13:29
Abila Zacharo,2463,8.6,2014-01-09 13:32
Katerina's Cafe,3853,10.42,2014-01-09 13:35
Gelatogalore,8411,23.23,2014-01-09 13:35
Hippokampos,9683,27.93,2014-01-09 13:36
Hippokampos,1321,9.12,2014-01-09 13:37
Kalami Kafenion,7384,18.14,2014-01-09 13:38
Abila Zacharo,1874,20.73,2014-01-09 13:40
Gelatogalore,9405,11.94,2014-01-09 13:40
Abila Zacharo,9551,89.41,2014-01-09 13:41
Hippokampos,9635,8.43,2014-01-09 13:41
Hippokampos,5368,39.22,2014-01-09 13:41
Guy's Gyros,1415,74.91,2014-01-09 13:43
Guy's Gyros,9617,15,2014-01-09 13:44
Gelatogalore,2681,24.68,2014-01-09 13:45
Abila Zacharo,1286,48.39,2014-01-09 13:47
Hippokampos,1310,13.84,2014-01-09 13:51
Hippokampos,2142,16.65,2014-01-09 13:53
Kalami Kafenion,4948,19.84,2014-01-09 13:56
Hippokampos,4434,65.7,2014-01-09 13:56
Guy's Gyros,6901,8.87,2014-01-09 13:56
Kalami Kafenion,6691,35.99,2014-01-09 14:03
Kalami Kafenion,8129,10.94,2014-01-09 14:04
Ouzeri Elian,7108,32.89,2014-01-09 14:04
Katerina's Cafe,1877,8.01,2014-01-09 14:06
Guy's Gyros,8202,27.69,2014-01-09 14:09
Abila Scrapyard,2276,1158.36,2014-01-09 14:12
Guy's Gyros,5921,17.44,2014-01-09 14:13
Abila Zacharo,7819,14.37,2014-01-09 14:15
Gelatogalore,7117,36.75,2014-01-09 14:18
Carlyle Chemical Inc.,7792,382.43,2014-01-09 14:26
Kronos Pipe and Irrigation,4530,423.14,2014-01-09 14:28
Stewart and Sons Fabrication,2276,918.6,2014-01-09 15:00
Maximum Iron and Steel,4530,1527.14,2014-01-09 15:16
Abila Airport,8642,4538.52,2014-01-09 15:50
Carlyle Chemical Inc.,7792,2176.2,2014-01-09 16:22
Nationwide Refinery,2276,1322.5,2014-01-09 16:27
Katerina's Cafe,8129,35.92,2014-01-09 19:25
Katerina's Cafe,5921,26.6,2014-01-09 19:30
Frydos Autosupply n' More,3484,138.02,2014-01-09 19:32
Guy's Gyros,7354,31.81,2014-01-09 19:41
Ouzeri Elian,6899,27.08,2014-01-09 19:42
Ouzeri Elian,9241,31.07,2014-01-09 19:43
Guy's Gyros,6816,29.96,2014-01-09 19:52
Hippokampos,2540,15.02,2014-01-09 20:05
Katerina's Cafe,4948,26.6,2014-01-09 20:06
Katerina's Cafe,3492,19.02,2014-01-09 20:08
Katerina's Cafe,6691,90.97,2014-01-09 20:09
Hippokampos,1877,70.68,2014-01-09 20:15
General Grocer,4795,285.34,2014-01-09 20:19
Katerina's Cafe,9405,91.14,2014-01-09 20:20
Frydos Autosupply n' More,6901,31.24,2014-01-09 20:20
Albert's Fine Clothing,7117,224.52,2014-01-09 20:21
Frydos Autosupply n' More,1321,120.65,2014-01-09 20:21
Katerina's Cafe,8202,29.82,2014-01-09 20:22
Guy's Gyros,7889,8.23,2014-01-09 20:23
Guy's Gyros,1286,18.26,2014-01-09 20:24
Katerina's Cafe,5407,53.78,2014-01-09 20:27
Guy's Gyros,7253,23.34,2014-01-09 20:29
Katerina's Cafe,2418,30.69,2014-01-09 20:38
Guy's Gyros,5368,8.23,2014-01-09 20:38
Guy's Gyros,7384,35.05,2014-01-09 20:39
Hippokampos,2463,9.13,2014-01-09 20:41
Frydos Autosupply n' More,3853,276.75,2014-01-09 20:45
Hippokampos,6895,24.96,2014-01-09 21:01
Guy's Gyros,4434,31.31,2014-01-09 21:09
Hippokampos,8156,23.66,2014-01-09 21:12
Shoppers' Delight,2681,258.43,2014-01-09 21:13
Katerina's Cafe,1310,8.57,2014-01-09 21:18
Albert's Fine Clothing,8332,229.98,2014-01-09 21:27
Hippokampos,9635,10.12,2014-01-09 21:38
Hallowed Grounds,8129,16.75,2014-01-10 07:34
Brew've Been Served,6816,15.85,2014-01-10 07:35
Coffee Cameleon,7253,8.51,2014-01-10 07:40
Hallowed Grounds,1874,12.03,2014-01-10 07:41
Hallowed Grounds,9617,8.34,2014-01-10 07:41
Hallowed Grounds,1310,11.49,2014-01-10 07:41
Brew've Been Served,3484,5.01,2014-01-10 07:45
Hallowed Grounds,3492,11.38,2014-01-10 07:45
Hallowed Grounds,2681,17.63,2014-01-10 07:46
Brew've Been Served,4948,44.88,2014-01-10 07:47
Coffee Cameleon,5921,11.54,2014-01-10 07:47
Brew've Been Served,9405,13.32,2014-01-10 07:48
Hallowed Grounds,7889,10.34,2014-01-10 07:49
Brew've Been Served,9683,89.93,2014-01-10 07:49
Hallowed Grounds,7108,10.76,2014-01-10 07:50
Brew've Been Served,5407,12.77,2014-01-10 07:51
Brew've Been Served,7384,83.44,2014-01-10 07:54
Coffee Cameleon,2418,9.69,2014-01-10 07:54
Brew've Been Served,5368,85.91,2014-01-10 07:55
Brew've Been Served,4795,97.25,2014-01-10 07:56
Brew've Been Served,7354,90.72,2014-01-10 07:56
Abila Airport,9614,4039.36,2014-01-10 07:59
Brew've Been Served,1286,5.89,2014-01-10 08:01
Brew've Been Served,6901,5.31,2014-01-10 08:01
Hallowed Grounds,6691,9.34,2014-01-10 08:06
Brew've Been Served,3853,14.45,2014-01-10 08:09
Brew've Been Served,7819,3.03,2014-01-10 08:09
Coffee Cameleon,2142,13.25,2014-01-10 08:11
Brew've Been Served,8202,8.47,2014-01-10 08:17
Brew've Been Served,4434,12.64,2014-01-10 08:17
Brew've Been Served,8411,14.36,2014-01-10 08:20
Carlyle Chemical Inc.,9614,227.81,2014-01-10 09:09
Kronos Mart,7688,203.91,2014-01-10 09:30
Nationwide Refinery,9735,1552.82,2014-01-10 10:00
Nationwide Refinery,9614,2302.73,2014-01-10 10:40
Stewart and Sons Fabrication,9735,4074.1,2014-01-10 11:49
Bean There Done That,1415,15.39,2014-01-10 12:00
Bean There Done That,9635,3.92,2014-01-10 12:00
Brewed Awakenings,7688,13.82,2014-01-10 12:00
Jack's Magical Beans,6899,15.69,2014-01-10 12:00
Brewed Awakenings,2540,6.17,2014-01-10 12:00
Bean There Done That,1877,13.41,2014-01-10 12:00
Brewed Awakenings,8332,13.9,2014-01-10 12:00
Bean There Done That,1321,18.67,2014-01-10 12:00
Bean There Done That,6895,9.3,2014-01-10 12:00
Jack's Magical Beans,9241,16.29,2014-01-10 12:00
Jack's Magical Beans,8156,5.46,2014-01-10 12:00
Jack's Magical Beans,2463,8.22,2014-01-10 12:00
Stewart and Sons Fabrication,9614,4195.49,2014-01-10 12:10
Chostus Hotel,9683,133.25,2014-01-10 13:08
Chostus Hotel,2540,197.41,2014-01-10 13:11
Guy's Gyros,8156,36.44,2014-01-10 13:12
Ouzeri Elian,9551,30.71,2014-01-10 13:16
Hippokampos,4795,79.26,2014-01-10 13:20
Guy's Gyros,6816,26.76,2014-01-10 13:25
Guy's Gyros,7253,15.93,2014-01-10 13:27
Abila Zacharo,6899,113.33,2014-01-10 13:29
Katerina's Cafe,7688,34.76,2014-01-10 13:30
Kalami Kafenion,3484,35.69,2014-01-10 13:30
Gelatogalore,1415,26.15,2014-01-10 13:35
Ouzeri Elian,3853,35.24,2014-01-10 13:35
Kalami Kafenion,9241,101.5,2014-01-10 13:35
Abila Zacharo,1310,36.73,2014-01-10 13:36
Katerina's Cafe,7354,25.36,2014-01-10 13:36
Guy's Gyros,7384,26.68,2014-01-10 13:38
Katerina's Cafe,2418,21.22,2014-01-10 13:38
Hippokampos,2463,32.01,2014-01-10 13:40
Guy's Gyros,8411,38.15,2014-01-10 13:44
Ouzeri Elian,9405,20.46,2014-01-10 13:44
Kalami Kafenion,5407,27.48,2014-01-10 13:45
Abila Zacharo,2681,31.34,2014-01-10 13:46
Guy's Gyros,9635,31.5,2014-01-10 13:47
Katerina's Cafe,6895,25.62,2014-01-10 13:47
Katerina's Cafe,2142,24.33,2014-01-10 13:47
Ouzeri Elian,1877,15.25,2014-01-10 13:50
Guy's Gyros,1321,31.05,2014-01-10 13:52
Kalami Kafenion,4434,24.3,2014-01-10 13:53
Guy's Gyros,8129,16.34,2014-01-10 13:57
Ouzeri Elian,5368,24.74,2014-01-10 13:57
Hippokampos,6901,39.89,2014-01-10 13:58
Abila Zacharo,1874,8.22,2014-01-10 13:59
Abila Zacharo,3492,16.12,2014-01-10 14:01
Abila Zacharo,7819,36.38,2014-01-10 14:03
Hippokampos,7117,11.61,2014-01-10 14:07
Ouzeri Elian,9617,30.93,2014-01-10 14:07
Katerina's Cafe,7108,77.62,2014-01-10 14:08
Abila Zacharo,6691,9.32,2014-01-10 14:09
Gelatogalore,8202,32.19,2014-01-10 14:11
Hippokampos,4948,10.16,2014-01-10 14:20
Octavio's Office Supplies,4795,139.72,2014-01-10 14:41
Octavio's Office Supplies,7253,64.51,2014-01-10 16:07
Ouzeri Elian,6899,19.92,2014-01-10 18:52
Frydos Autosupply n' More,7889,98.39,2014-01-10 18:57
Guy's Gyros,6816,23.61,2014-01-10 19:45
Hippokampos,1415,48.22,2014-01-10 19:46
Katerina's Cafe,8129,19.57,2014-01-10 19:50
Guy's Gyros,4795,27.78,2014-01-10 19:54
Hippokampos,7117,19.88,2014-01-10 19:56
Katerina's Cafe,5921,21.89,2014-01-10 19:56
Frydos Autosupply n' More,8202,43.65,2014-01-10 20:02
Katerina's Cafe,9405,15.76,2014-01-10 20:08
Hippokampos,7688,70.48,2014-01-10 20:09
Katerina's Cafe,8411,8.14,2014-01-10 20:09
Guy's Gyros,6901,29.81,2014-01-10 20:09
Albert's Fine Clothing,6895,126.13,2014-01-10 20:11
Frydos Autosupply n' More,7384,237.08,2014-01-10 20:15
Shoppers' Delight,7819,279.53,2014-01-10 20:17
Guy's Gyros,7108,35.54,2014-01-10 20:20
Guy's Gyros,3853,37.37,2014-01-10 20:23
Katerina's Cafe,5407,21.28,2014-01-10 20:42
Hippokampos,8332,17.21,2014-01-10 20:50
Roberts and Sons,7354,241.2,2014-01-10 21:11
Guy's Gyros,5368,25.81,2014-01-10 21:13
Hippokampos,8156,27,2014-01-10 21:17
General Grocer,4434,227.28,2014-01-10 21:28
Hippokampos,2463,79.97,2014-01-10 22:21
Katerina's Cafe,8156,45.22,2014-01-11 13:19
Katerina's Cafe,2418,45.21,2014-01-11 13:23
Katerina's Cafe,6895,29.1,2014-01-11 13:32
Abila Zacharo,1310,54.82,2014-01-11 13:32
Abila Zacharo,2540,89.54,2014-01-11 13:33
Gelatogalore,9617,17.31,2014-01-11 13:35
Hippokampos,4434,103.38,2014-01-11 13:36
Hippokampos,9551,75.62,2014-01-11 13:37
Hippokampos,6691,82.23,2014-01-11 13:37
Ouzeri Elian,8129,19.11,2014-01-11 13:40
Katerina's Cafe,3484,71.65,2014-01-11 13:43
Hippokampos,7688,31.1,2014-01-11 13:47
Katerina's Cafe,1321,23.45,2014-01-11 13:50
Abila Zacharo,7253,32.02,2014-01-11 13:51
Gelatogalore,3853,18.74,2014-01-11 13:59
Kalami Kafenion,7117,35.66,2014-01-11 14:09
Kalami Kafenion,7108,39.36,2014-01-11 14:16
Katerina's Cafe,2142,26.02,2014-01-11 14:17
Abila Zacharo,6901,45.2,2014-01-11 14:19
Shoppers' Delight,9617,157.45,2014-01-11 15:15
Shoppers' Delight,2418,238.52,2014-01-11 15:20
General Grocer,8129,78.02,2014-01-11 15:31
Roberts and Sons,1310,256.24,2014-01-11 16:00
Albert's Fine Clothing,4434,211.47,2014-01-11 16:01
Frydos Autosupply n' More,7688,52.73,2014-01-11 16:09
Ahaggo Museum,4795,89.32,2014-01-11 16:24
Ahaggo Museum,9683,52.14,2014-01-11 17:16
Katerina's Cafe,9617,55.67,2014-01-11 19:08
Kalami Kafenion,7819,23.86,2014-01-11 19:17
Ouzeri Elian,6899,69.36,2014-01-11 19:21
Hippokampos,7688,66.21,2014-01-11 19:26
Albert's Fine Clothing,8156,105.33,2014-01-11 19:27
Hippokampos,9683,32.63,2014-01-11 19:27
Hippokampos,4795,63.21,2014-01-11 19:29
Katerina's Cafe,2142,33.18,2014-01-11 19:31
Katerina's Cafe,6691,20.71,2014-01-11 19:32
Hippokampos,1877,11.13,2014-01-11 19:33
Guy's Gyros,6816,55.36,2014-01-11 19:34
Katerina's Cafe,2540,57.36,2014-01-11 19:40
Shoppers' Delight,9551,149.2,2014-01-11 19:44
Hippokampos,8332,63.21,2014-01-11 19:45
Katerina's Cafe,7889,12.55,2014-01-11 19:50
Katerina's Cafe,1310,45.68,2014-01-11 19:51
Katerina's Cafe,8411,15.72,2014-01-11 19:52
Hippokampos,9635,67.37,2014-01-11 19:53
Guy's Gyros,5368,36.2,2014-01-11 19:57
Katerina's Cafe,4948,25.76,2014-01-11 20:00
Kalami Kafenion,1286,50.2,2014-01-11 20:04
Ouzeri Elian,2681,16.69,2014-01-11 20:04
Katerina's Cafe,8202,52.45,2014-01-11 20:06
Guy's Gyros,7384,33.65,2014-01-11 20:06
Guy's Gyros,7354,16.33,2014-01-11 20:09
Frydos Autosupply n' More,5407,211.15,2014-01-11 20:13
Katerina's Cafe,9405,9.78,2014-01-11 20:13
Frydos Autosupply n' More,8129,236.25,2014-01-11 20:22
Hippokampos,1415,70.23,2014-01-11 20:23
Katerina's Cafe,2418,94.68,2014-01-11 20:24
Frydos Autosupply n' More,6901,261,2014-01-11 20:26
Hippokampos,7117,69.8,2014-01-11 20:27
Kalami Kafenion,7108,46.78,2014-01-11 20:30
Katerina's Cafe,1874,57.6,2014-01-11 20:46
Kronos Mart,8156,277.26,2014-01-12 03:39
Ouzeri Elian,8332,38.55,2014-01-12 13:03
Ouzeri Elian,5407,98.45,2014-01-12 13:17
Hippokampos,2142,12.55,2014-01-12 13:25
Ouzeri Elian,7819,24.72,2014-01-12 13:28
Ouzeri Elian,1310,72.32,2014-01-12 13:30
Guy's Gyros,6901,34.74,2014-01-12 13:31
Ouzeri Elian,8156,117.22,2014-01-12 13:32
Hippokampos,7117,29.2,2014-01-12 13:35
Gelatogalore,1286,20.09,2014-01-12 13:40
Abila Zacharo,9683,11.2,2014-01-12 13:45
Desafio Golf Course,2463,129.33,2014-01-12 13:45
Kalami Kafenion,2540,54.36,2014-01-12 13:52
Hippokampos,7889,8.54,2014-01-12 13:54
Kalami Kafenion,3492,14.59,2014-01-12 13:55
Hippokampos,1874,12.57,2014-01-12 14:04
Hippokampos,9551,71.99,2014-01-12 14:06
Desafio Golf Course,7688,220.77,2014-01-12 14:13
Desafio Golf Course,8332,198.46,2014-01-12 14:14
Guy's Gyros,8129,30.47,2014-01-12 14:16
Shoppers' Delight,1310,135.78,2014-01-12 15:10
Shoppers' Delight,1286,86.22,2014-01-12 15:24
Shoppers' Delight,7819,204.37,2014-01-12 15:32
General Grocer,7117,159.3,2014-01-12 15:46
Albert's Fine Clothing,2142,195.81,2014-01-12 15:49
Shoppers' Delight,3547,51.5,2014-01-12 16:08
Ahaggo Museum,6901,120.2,2014-01-12 16:27
Katerina's Cafe,7889,12.64,2014-01-12 19:18
Katerina's Cafe,7253,11.81,2014-01-12 19:21
Hippokampos,1321,27.15,2014-01-12 19:22
Guy's Gyros,7108,42.32,2014-01-12 19:26
Shoppers' Delight,7384,211.03,2014-01-12 19:26
Hippokampos,1415,66.63,2014-01-12 19:29
Guy's Gyros,3853,34.41,2014-01-12 19:32
Hippokampos,6895,49.23,2014-01-12 19:35
Guy's Gyros,7354,12.32,2014-01-12 19:36
Katerina's Cafe,5407,40.94,2014-01-12 19:43
Hippokampos,8332,26.79,2014-01-12 19:44
Katerina's Cafe,3492,17.36,2014-01-12 19:47
Gelatogalore,1286,36.2,2014-01-12 19:50
Hippokampos,8156,52.21,2014-01-12 19:51
Frydos Autosupply n' More,5368,88.93,2014-01-12 19:52
Albert's Fine Clothing,1877,63.36,2014-01-12 19:58
Ouzeri Elian,6899,55.55,2014-01-12 19:59
Katerina's Cafe,8129,39.3,2014-01-12 20:04
Hippokampos,9635,78.21,2014-01-12 20:05
Katerina's Cafe,3547,67.14,2014-01-12 20:11
Katerina's Cafe,9405,15.37,2014-01-12 20:12
Katerina's Cafe,2142,39.55,2014-01-12 20:13
Hippokampos,2540,69.41,2014-01-12 20:15
Katerina's Cafe,8411,16.34,2014-01-12 20:17
Katerina's Cafe,4948,40.25,2014-01-12 20:35
Hippokampos,7688,63.32,2014-01-12 20:38
Frydos Autosupply n' More,8202,161.96,2014-01-12 20:43
Katerina's Cafe,1874,87.09,2014-01-12 20:48
Kronos Mart,5407,147.3,2014-01-13 03:00
Daily Dealz,9551,2.01,2014-01-13 06:04
Hallowed Grounds,7889,9.16,2014-01-13 07:32
Brew've Been Served,5368,16.39,2014-01-13 07:36
Brew've Been Served,7384,8.04,2014-01-13 07:38
Coffee Cameleon,3547,19.93,2014-01-13 07:40
Brew've Been Served,9683,8,2014-01-13 07:40
Hallowed Grounds,1310,3.02,2014-01-13 07:42
Brew've Been Served,6816,24.18,2014-01-13 07:43
Hallowed Grounds,3492,13.68,2014-01-13 07:43
Brew've Been Served,4795,18.71,2014-01-13 07:43
Hallowed Grounds,9405,5.85,2014-01-13 07:44
Brew've Been Served,7354,19.64,2014-01-13 07:53
Hallowed Grounds,7108,19.18,2014-01-13 07:54
Coffee Cameleon,2418,17.49,2014-01-13 07:55
Brew've Been Served,5407,6.08,2014-01-13 07:55
Brew've Been Served,4948,9.53,2014-01-13 07:56
Brew've Been Served,3484,78.23,2014-01-13 07:57
Hallowed Grounds,6691,6.32,2014-01-13 07:57
Brew've Been Served,8411,13.37,2014-01-13 08:00
Kronos Mart,6816,159.06,2014-01-13 08:01
Coffee Cameleon,7253,4.88,2014-01-13 08:02
Brew've Been Served,4434,16.05,2014-01-13 08:04
Hallowed Grounds,2681,55.96,2014-01-13 08:06
Brew've Been Served,1286,11.49,2014-01-13 08:07
Coffee Cameleon,2142,17.76,2014-01-13 08:12
Abila Airport,9220,3617.47,2014-01-13 08:15
Brew've Been Served,6901,13.19,2014-01-13 08:21
Brew've Been Served,7819,6.69,2014-01-13 08:22
Brew've Been Served,8202,19.89,2014-01-13 08:23
Kronos Pipe and Irrigation,9220,2892.74,2014-01-13 08:58
Nationwide Refinery,9735,204.58,2014-01-13 10:12
Maximum Iron and Steel,9220,689.85,2014-01-13 10:20
Coffee Shack,7117,4.09,2014-01-13 12:00
Bean There Done That,1415,7.93,2014-01-13 12:00
Bean There Done That,9635,98.02,2014-01-13 12:00
Brewed Awakenings,7688,12.69,2014-01-13 12:00
Jack's Magical Beans,6899,18.31,2014-01-13 12:00
Brewed Awakenings,2540,56.4,2014-01-13 12:00
Bean There Done That,1877,19.56,2014-01-13 12:00
Brewed Awakenings,8332,16.25,2014-01-13 12:00
Bean There Done That,1321,5.54,2014-01-13 12:00
Bean There Done That,1874,10.37,2014-01-13 12:00
Bean There Done That,9617,15.24,2014-01-13 12:00
Bean There Done That,6895,18.59,2014-01-13 12:00
Carlyle Chemical Inc.,9220,1718.96,2014-01-13 12:00
Jack's Magical Beans,9241,5.22,2014-01-13 12:00
Jack's Magical Beans,8156,9.64,2014-01-13 12:00
Jack's Magical Beans,2463,17.52,2014-01-13 12:00
Abila Airport,8642,4417.03,2014-01-13 12:11
Hippokampos,4434,17.17,2014-01-13 12:27
Ouzeri Elian,9220,19.82,2014-01-13 12:55
Gelatogalore,8156,32.83,2014-01-13 13:03
U-Pump,9551,55.25,2014-01-13 13:18
Gelatogalore,8332,46.45,2014-01-13 13:19
Abila Zacharo,6816,79.95,2014-01-13 13:20
Abila Zacharo,1286,64.5,2014-01-13 13:21
Katerina's Cafe,2418,38.98,2014-01-13 13:23
Hippokampos,7253,35.73,2014-01-13 13:24
Abila Zacharo,9683,8.72,2014-01-13 13:27
Hippokampos,9551,30.51,2014-01-13 13:28
Guy's Gyros,2540,27.49,2014-01-13 13:33
Katerina's Cafe,6899,26.15,2014-01-13 13:34
Abila Zacharo,1321,27.3,2014-01-13 13:34
Hippokampos,7354,59.9,2014-01-13 13:34
Katerina's Cafe,9405,17.21,2014-01-13 13:36
Ouzeri Elian,4795,95.03,2014-01-13 13:37
Guy's Gyros,2142,37.37,2014-01-13 13:39
Katerina's Cafe,1874,8.29,2014-01-13 13:40
Guy's Gyros,2463,29.25,2014-01-13 13:40
Gelatogalore,1415,36.93,2014-01-13 13:41
Abila Zacharo,9635,11.99,2014-01-13 13:42
Abila Zacharo,3853,116.32,2014-01-13 13:48
Ouzeri Elian,1310,8.32,2014-01-13 13:48
Katerina's Cafe,3492,24.26,2014-01-13 13:48
Hippokampos,7384,91.97,2014-01-13 13:50
Abila Zacharo,7819,17.41,2014-01-13 13:51
Guy's Gyros,8411,21.03,2014-01-13 13:51
Katerina's Cafe,3547,29.55,2014-01-13 13:52
Kalami Kafenion,5368,20.33,2014-01-13 13:55
Guy's Gyros,7117,38.07,2014-01-13 14:00
Gelatogalore,8202,36.24,2014-01-13 14:00
Gelatogalore,2681,117.17,2014-01-13 14:01
Hippokampos,9617,25.09,2014-01-13 14:04
Ouzeri Elian,1877,29.75,2014-01-13 14:06
Guy's Gyros,6901,12.76,2014-01-13 14:13
Hippokampos,4948,26.96,2014-01-13 14:21
Guy's Gyros,8129,116.87,2014-01-13 14:33
Abila Airport,8642,2228.08,2014-01-13 16:56
Frydos Autosupply n' More,9551,10000,2014-01-13 19:20
Shoppers' Delight,3853,216.43,2014-01-13 19:27
Ouzeri Elian,9551,28.75,2014-01-13 19:30
Frydos Autosupply n' More,8129,188.57,2014-01-13 19:41
Katerina's Cafe,3547,89.83,2014-01-13 19:50
Frydos Autosupply n' More,8411,64.6,2014-01-13 19:59
Katerina's Cafe,6691,30.84,2014-01-13 19:59
Guy's Gyros,7354,22.34,2014-01-13 20:09
Guy's Gyros,4795,20.47,2014-01-13 20:11
Guy's Gyros,7384,36.89,2014-01-13 20:15
Guy's Gyros,7819,15.84,2014-01-13 20:18
Katerina's Cafe,2142,35.7,2014-01-13 20:24
Katerina's Cafe,1310,91.36,2014-01-13 20:33
Albert's Fine Clothing,7688,288,2014-01-13 20:35
Hippokampos,2463,29.22,2014-01-13 20:35
Hippokampos,1415,31.59,2014-01-13 20:42
Albert's Fine Clothing,1321,49.48,2014-01-13 20:42
Guy's Gyros,1286,88.57,2014-01-13 20:42
Ouzeri Elian,2681,21.83,2014-01-13 20:43
Katerina's Cafe,5407,93.57,2014-01-13 20:44
Guy's Gyros,9683,15.55,2014-01-13 20:44
Shoppers' Delight,6901,144.4,2014-01-13 20:45
Katerina's Cafe,7253,22.24,2014-01-13 20:47
Katerina's Cafe,7889,55.82,2014-01-13 20:51
Guy's Gyros,7108,37.5,2014-01-13 20:59
Katerina's Cafe,1874,27.59,2014-01-13 21:00
Guy's Gyros,5368,19.77,2014-01-13 21:08
Frydos Autosupply n' More,2418,202.05,2014-01-13 21:11
Hippokampos,8332,31.47,2014-01-13 21:12
Hippokampos,7117,32.29,2014-01-13 21:13
Katerina's Cafe,9405,33.11,2014-01-13 21:16
Hippokampos,8156,99.63,2014-01-13 21:27
Brew've Been Served,5368,14.67,2014-01-14 07:27
Brew've Been Served,4795,4.72,2014-01-14 07:31
Hallowed Grounds,7889,10.75,2014-01-14 07:35
Brew've Been Served,7354,7.31,2014-01-14 07:35
Coffee Cameleon,3547,9.8,2014-01-14 07:37
Brew've Been Served,9683,5.87,2014-01-14 07:40
Hallowed Grounds,1310,4.59,2014-01-14 07:42
Hallowed Grounds,8129,16.67,2014-01-14 07:44
Brew've Been Served,4948,14.04,2014-01-14 07:45
Hallowed Grounds,7108,13,2014-01-14 07:45
Brew've Been Served,3484,10.96,2014-01-14 07:45
Brew've Been Served,9405,16.53,2014-01-14 07:45
Brew've Been Served,3853,6.45,2014-01-14 07:48
Coffee Cameleon,2418,11.67,2014-01-14 07:52
Coffee Cameleon,7253,15.63,2014-01-14 07:53
Brew've Been Served,8202,9.53,2014-01-14 07:53
Brew've Been Served,7384,8.24,2014-01-14 07:53
Brew've Been Served,6816,3.66,2014-01-14 07:53
Hallowed Grounds,1874,19.99,2014-01-14 07:54
Hallowed Grounds,9617,50.21,2014-01-14 07:54
Coffee Cameleon,2142,7.84,2014-01-14 07:56
Brew've Been Served,7819,11.94,2014-01-14 07:58
Brew've Been Served,1286,3.21,2014-01-14 08:03
Brew've Been Served,5407,16.39,2014-01-14 08:07
Hallowed Grounds,3492,39.52,2014-01-14 08:12
Hallowed Grounds,2681,10.65,2014-01-14 08:12
Brew've Been Served,8411,11.53,2014-01-14 08:13
Brew've Been Served,6901,12.31,2014-01-14 08:13
Hallowed Grounds,6691,6.16,2014-01-14 08:16
Kronos Mart,6899,58.85,2014-01-14 08:20
Carlyle Chemical Inc.,7792,3630.57,2014-01-14 09:34
Nationwide Refinery,9735,965.72,2014-01-14 10:03
Stewart and Sons Fabrication,3506,600.19,2014-01-14 11:01
Nationwide Refinery,7792,570.95,2014-01-14 11:45
Stewart and Sons Fabrication,9735,278.52,2014-01-14 11:55
Coffee Shack,7117,3.63,2014-01-14 12:00
Bean There Done That,1415,7.28,2014-01-14 12:00
Bean There Done That,9635,19.37,2014-01-14 12:00
Brewed Awakenings,7688,17.14,2014-01-14 12:00
Brewed Awakenings,2540,8.3,2014-01-14 12:00
Bean There Done That,1877,14.56,2014-01-14 12:00
Brewed Awakenings,8332,11.35,2014-01-14 12:00
Bean There Done That,1321,67.82,2014-01-14 12:00
Bean There Done That,6895,5.9,2014-01-14 12:00
Jack's Magical Beans,9241,63.36,2014-01-14 12:00
Jack's Magical Beans,8156,95.7,2014-01-14 12:00
Abila Airport,8642,228.41,2014-01-14 12:30
Nationwide Refinery,3506,1341.01,2014-01-14 13:00
Abila Airport,2276,3379.21,2014-01-14 13:06
Katerina's Cafe,8156,29.12,2014-01-14 13:14
Hippokampos,7253,36.01,2014-01-14 13:17
Chostus Hotel,2540,109.54,2014-01-14 13:17
Katerina's Cafe,7792,34.45,2014-01-14 13:21
Chostus Hotel,9683,113.08,2014-01-14 13:21
Katerina's Cafe,6895,10.03,2014-01-14 13:22
Kalami Kafenion,9635,17.38,2014-01-14 13:24
Kalami Kafenion,8332,15.15,2014-01-14 13:24
Hippokampos,7688,23.69,2014-01-14 13:25
Gelatogalore,7384,27.26,2014-01-14 13:32
Gelatogalore,2142,32.82,2014-01-14 13:32
Katerina's Cafe,7354,20.95,2014-01-14 13:32
Gelatogalore,2463,39.17,2014-01-14 13:33
Katerina's Cafe,4795,29.1,2014-01-14 13:34
Abila Zacharo,8411,31.09,2014-01-14 13:35
Abila Zacharo,9405,15.26,2014-01-14 13:35
Guy's Gyros,1415,13.27,2014-01-14 13:36
Hippokampos,3853,19.07,2014-01-14 13:37
Abila Zacharo,1310,10.24,2014-01-14 13:37
Abila Zacharo,6816,8.41,2014-01-14 13:38
Ouzeri Elian,3484,107.32,2014-01-14 13:40
Kalami Kafenion,5407,33.13,2014-01-14 13:40
Ouzeri Elian,6899,79.58,2014-01-14 13:41
Katerina's Cafe,3547,75.46,2014-01-14 13:41
Hippokampos,7889,98.81,2014-01-14 13:42
Kalami Kafenion,3492,23.1,2014-01-14 13:42
Katerina's Cafe,6691,31.69,2014-01-14 13:43
Guy's Gyros,1874,16.35,2014-01-14 13:44
Gelatogalore,1877,70.98,2014-01-14 13:49
Guy's Gyros,9617,38.26,2014-01-14 13:49
Kalami Kafenion,4948,27.65,2014-01-14 13:50
Kalami Kafenion,1321,15.27,2014-01-14 13:51
Ouzeri Elian,7108,62.3,2014-01-14 13:51
Ouzeri Elian,2681,33.67,2014-01-14 13:53
Gelatogalore,5368,35.97,2014-01-14 13:57
Hippokampos,6901,17.18,2014-01-14 13:57
Katerina's Cafe,7819,33.54,2014-01-14 13:58
Guy's Gyros,1286,50.4,2014-01-14 13:59
Ouzeri Elian,7117,19.7,2014-01-14 14:01
Gelatogalore,8129,102.03,2014-01-14 14:03
Abila Zacharo,4434,24.87,2014-01-14 14:03
Abila Scrapyard,2276,4277.4,2014-01-14 14:13
Hippokampos,8202,16.73,2014-01-14 14:16
Carlyle Chemical Inc.,7792,854.88,2014-01-14 14:21
Abila Airport,8642,4918.39,2014-01-14 15:32
Octavio's Office Supplies,6816,131.73,2014-01-14 15:49
Carlyle Chemical Inc.,7792,3470.99,2014-01-14 16:16
Nationwide Refinery,2276,4429.76,2014-01-14 16:28
Hippokampos,1415,39.64,2014-01-14 19:44
Guy's Gyros,7108,94.26,2014-01-14 19:59
Guy's Gyros,4795,23.59,2014-01-14 20:01
Albert's Fine Clothing,3484,50.77,2014-01-14 20:05
Katerina's Cafe,7889,91.8,2014-01-14 20:09
Katerina's Cafe,8129,27.67,2014-01-14 20:15
Guy's Gyros,6816,18.11,2014-01-14 20:15
Guy's Gyros,5368,35.12,2014-01-14 20:17
Katerina's Cafe,3547,36.95,2014-01-14 20:17
Guy's Gyros,7384,12.96,2014-01-14 20:19
Katerina's Cafe,5407,31.94,2014-01-14 20:19
Hippokampos,2463,9.55,2014-01-14 20:22
Guy's Gyros,3853,10.85,2014-01-14 20:25
Katerina's Cafe,1874,12.65,2014-01-14 20:26
Guy's Gyros,7819,25.28,2014-01-14 20:29
Ouzeri Elian,6899,11.86,2014-01-14 20:32
Frydos Autosupply n' More,4434,42.72,2014-01-14 20:33
Katerina's Cafe,3492,11.89,2014-01-14 20:34
Ouzeri Elian,9241,24.06,2014-01-14 20:41
Katerina's Cafe,8202,46.61,2014-01-14 20:42
Frydos Autosupply n' More,6901,146.74,2014-01-14 20:43
Ouzeri Elian,2681,80.95,2014-01-14 20:46
Hippokampos,8332,43.56,2014-01-14 20:48
Albert's Fine Clothing,9635,228.72,2014-01-14 20:50
Katerina's Cafe,8411,25.4,2014-01-14 20:50
Hippokampos,6895,28.45,2014-01-14 21:04
Katerina's Cafe,9617,18.35,2014-01-14 21:10
Roberts and Sons,9405,223.81,2014-01-14 21:14
Frydos Autosupply n' More,4948,49.21,2014-01-14 21:28
Hippokampos,2540,22.13,2014-01-14 21:31
Guy's Gyros,7354,26.14,2014-01-14 21:31
Hallowed Grounds,7889,11.98,2014-01-15 07:33
Brew've Been Served,7384,3.71,2014-01-15 07:34
Hallowed Grounds,9617,5.28,2014-01-15 07:36
Brew've Been Served,6816,15.5,2014-01-15 07:36
Hallowed Grounds,8129,5.95,2014-01-15 07:39
Brew've Been Served,9683,19.87,2014-01-15 07:40
Hallowed Grounds,7108,12.17,2014-01-15 07:44
Coffee Cameleon,2142,19.93,2014-01-15 07:45
Brew've Been Served,9405,11.47,2014-01-15 07:45
Brew've Been Served,7819,6.58,2014-01-15 07:48
Brew've Been Served,1286,11.23,2014-01-15 07:49
Brew've Been Served,7354,19.24,2014-01-15 07:50
Coffee Cameleon,3547,14.47,2014-01-15 07:51
Hallowed Grounds,6691,78.69,2014-01-15 07:51
Coffee Cameleon,7253,5.49,2014-01-15 07:56
Brew've Been Served,4795,4.92,2014-01-15 07:57
Brew've Been Served,4948,3.14,2014-01-15 07:58
Brew've Been Served,8411,5.75,2014-01-15 07:58
Brew've Been Served,3484,14.06,2014-01-15 07:58
Hallowed Grounds,3492,14.33,2014-01-15 07:59
Brew've Been Served,5368,8.42,2014-01-15 08:00
Hallowed Grounds,1310,15.27,2014-01-15 08:00
Brew've Been Served,4434,49.7,2014-01-15 08:01
Brew've Been Served,3853,15.58,2014-01-15 08:02
Coffee Cameleon,2418,56.31,2014-01-15 08:05
Brew've Been Served,5407,12.39,2014-01-15 08:05
Brew've Been Served,8202,3.47,2014-01-15 08:06
Hallowed Grounds,2681,14.39,2014-01-15 08:13
Brew've Been Served,6901,18.58,2014-01-15 08:14
Carlyle Chemical Inc.,7792,3608.08,2014-01-15 09:34
Nationwide Refinery,9152,1903.77,2014-01-15 10:00
Nationwide Refinery,9735,1391.24,2014-01-15 10:14
Stewart and Sons Fabrication,9152,4545.38,2014-01-15 11:18
Stewart and Sons Fabrication,9735,4740.68,2014-01-15 11:44
Nationwide Refinery,7792,3004.98,2014-01-15 11:55
Bean There Done That,9635,5.34,2014-01-15 12:00
Jack's Magical Beans,6899,11.15,2014-01-15 12:00
Brewed Awakenings,2540,91.62,2014-01-15 12:00
Bean There Done That,1877,93.13,2014-01-15 12:00
Brewed Awakenings,8332,3.62,2014-01-15 12:00
Bean There Done That,1321,18.96,2014-01-15 12:00
Bean There Done That,6895,15.24,2014-01-15 12:00
Jack's Magical Beans,9241,5.3,2014-01-15 12:00
Jack's Magical Beans,8156,84.06,2014-01-15 12:00
Jack's Magical Beans,2463,19.54,2014-01-15 12:00
Abila Airport,8642,3152.41,2014-01-15 12:25
Kalami Kafenion,8156,22.39,2014-01-15 13:08
Ouzeri Elian,7253,8.93,2014-01-15 13:10
Hippokampos,8332,36.7,2014-01-15 13:12
Hippokampos,9683,118.89,2014-01-15 13:12
Katerina's Cafe,7792,24.15,2014-01-15 13:13
Katerina's Cafe,2418,88.56,2014-01-15 13:17
Guy's Gyros,1415,14.37,2014-01-15 13:22
Abila Zacharo,7889,31,2014-01-15 13:22
Ouzeri Elian,3484,12.9,2014-01-15 13:22
Hippokampos,6899,13,2014-01-15 13:24
Abila Zacharo,7688,23.51,2014-01-15 13:26
Katerina's Cafe,1286,55.6,2014-01-15 13:27
Ouzeri Elian,1321,36.47,2014-01-15 13:31
Kalami Kafenion,1874,26.17,2014-01-15 13:35
Kalami Kafenion,8411,37.15,2014-01-15 13:36
Kalami Kafenion,5407,38.5,2014-01-15 13:37
Hippokampos,9405,8.75,2014-01-15 13:39
Gelatogalore,2463,9.61,2014-01-15 13:39
Ouzeri Elian,5368,25.7,2014-01-15 13:40
Hippokampos,2540,82.61,2014-01-15 13:41
Guy's Gyros,7354,49.34,2014-01-15 13:41
Hippokampos,1877,32.4,2014-01-15 13:42
Ouzeri Elian,7108,22.86,2014-01-15 13:42
Guy's Gyros,2142,15.89,2014-01-15 13:44
Abila Zacharo,9635,88.83,2014-01-15 13:45
Kalami Kafenion,6895,47.86,2014-01-15 13:45
Guy's Gyros,6691,12.19,2014-01-15 13:45
Gelatogalore,7117,24.96,2014-01-15 13:46
Guy's Gyros,8202,16.58,2014-01-15 13:46
Abila Zacharo,7384,20.44,2014-01-15 13:47
Ouzeri Elian,8129,26.61,2014-01-15 13:51
Gelatogalore,3853,31.21,2014-01-15 13:55
Gelatogalore,7819,39.4,2014-01-15 13:58
Abila Zacharo,3547,33.8,2014-01-15 13:58
Gelatogalore,2681,42.36,2014-01-15 13:59
Guy's Gyros,9617,25.58,2014-01-15 14:00
Katerina's Cafe,1310,12.12,2014-01-15 14:00
Hippokampos,4434,118.23,2014-01-15 14:02
Abila Zacharo,3492,24.53,2014-01-15 14:02
Abila Zacharo,4948,46.82,2014-01-15 14:04
Kronos Pipe and Irrigation,4530,2564,2014-01-15 14:12
Kalami Kafenion,6901,28.82,2014-01-15 14:13
Carlyle Chemical Inc.,7792,1112.04,2014-01-15 14:25
Maximum Iron and Steel,4530,4788.22,2014-01-15 15:11
Abila Airport,8642,875.87,2014-01-15 15:40
Carlyle Chemical Inc.,7792,1392.73,2014-01-15 17:01
Ouzeri Elian,9241,28.86,2014-01-15 19:18
Katerina's Cafe,3492,39.23,2014-01-15 19:50
Frydos Autosupply n' More,2540,18.91,2014-01-15 19:52
Guy's Gyros,3484,98.04,2014-01-15 19:53
Hippokampos,1415,13.02,2014-01-15 19:55
Guy's Gyros,4434,31.04,2014-01-15 19:55
General Grocer,7819,126.2,2014-01-15 19:56
Katerina's Cafe,8129,25.08,2014-01-15 19:59
Katerina's Cafe,2142,29.84,2014-01-15 20:00
Guy's Gyros,7354,28.75,2014-01-15 20:02
Frydos Autosupply n' More,9683,235.27,2014-01-15 20:04
Katerina's Cafe,9617,11.45,2014-01-15 20:05
Guy's Gyros,5368,44.91,2014-01-15 20:06
Guy's Gyros,6816,36.35,2014-01-15 20:08
Hippokampos,9635,35.12,2014-01-15 20:10
Shoppers' Delight,8332,162,2014-01-15 20:10
Hippokampos,7688,11.8,2014-01-15 20:16
Katerina's Cafe,8411,29.33,2014-01-15 20:17
Hippokampos,1321,10.35,2014-01-15 20:23
Katerina's Cafe,1310,39.63,2014-01-15 20:23
Hippokampos,1877,16.37,2014-01-15 20:24
Katerina's Cafe,8202,61.61,2014-01-15 20:26
Ouzeri Elian,6899,23.18,2014-01-15 20:29
Katerina's Cafe,2418,29.66,2014-01-15 20:29
Frydos Autosupply n' More,1874,18.66,2014-01-15 20:33
Albert's Fine Clothing,7117,228.15,2014-01-15 20:46
Frydos Autosupply n' More,4948,276.88,2014-01-15 20:57
Guy's Gyros,3853,61.43,2014-01-15 20:59
Katerina's Cafe,7253,13.77,2014-01-15 21:05
Guy's Gyros,1286,27.01,2014-01-15 21:05
Ouzeri Elian,2681,8.57,2014-01-15 21:05
Hippokampos,6895,101.14,2014-01-15 21:08
Katerina's Cafe,3547,27.48,2014-01-15 21:21
Hippokampos,8156,37.16,2014-01-15 21:42
Kronos Mart,7108,298.83,2014-01-16 07:30
Brew've Been Served,5368,25.05,2014-01-16 07:33
Brew've Been Served,7354,8.18,2014-01-16 07:34
Brew've Been Served,3484,19.9,2014-01-16 07:36
Coffee Cameleon,3547,67.19,2014-01-16 07:38
Hallowed Grounds,7889,13.84,2014-01-16 07:44
Hallowed Grounds,7108,18.2,2014-01-16 07:44
Hallowed Grounds,3492,17.74,2014-01-16 07:44
Hallowed Grounds,8129,17.92,2014-01-16 07:45
Brew've Been Served,7384,7.31,2014-01-16 07:50
Hallowed Grounds,9617,44.98,2014-01-16 07:51
Hallowed Grounds,1310,9.6,2014-01-16 07:51
Brew've Been Served,1286,12.67,2014-01-16 07:52
Brew've Been Served,4795,4.7,2014-01-16 07:53
Brew've Been Served,4948,83.84,2014-01-16 07:54
Hallowed Grounds,1874,7.22,2014-01-16 07:54
Brew've Been Served,6816,12.83,2014-01-16 07:55
Brew've Been Served,9683,4.33,2014-01-16 07:56
Brew've Been Served,3853,5.82,2014-01-16 08:02
Coffee Cameleon,2418,63.14,2014-01-16 08:03
Hallowed Grounds,9405,72.61,2014-01-16 08:03
Brew've Been Served,6901,16.67,2014-01-16 08:03
Hallowed Grounds,9551,12.19,2014-01-16 08:05
Hallowed Grounds,6691,18.23,2014-01-16 08:07
Brew've Been Served,8202,90.33,2014-01-16 08:08
Brew've Been Served,4434,17.44,2014-01-16 08:09
Hallowed Grounds,2681,4.6,2014-01-16 08:09
Brew've Been Served,7819,16.9,2014-01-16 08:19
Brew've Been Served,8411,11.21,2014-01-16 08:23
Abila Airport,3506,1676.53,2014-01-16 09:18
Carlyle Chemical Inc.,7792,419.93,2014-01-16 09:52
Nationwide Refinery,9735,1494.44,2014-01-16 10:16
Stewart and Sons Fabrication,3506,940.3,2014-01-16 11:06
Nationwide Refinery,7792,4742.67,2014-01-16 11:25
Stewart and Sons Fabrication,9735,4543.31,2014-01-16 11:45
Coffee Shack,7117,10.48,2014-01-16 12:00
Bean There Done That,1415,19.82,2014-01-16 12:00
Bean There Done That,9635,12.33,2014-01-16 12:00
Brewed Awakenings,7688,17.91,2014-01-16 12:00
Jack's Magical Beans,6899,9.12,2014-01-16 12:00
Brewed Awakenings,2540,6.53,2014-01-16 12:00
Bean There Done That,1877,5.56,2014-01-16 12:00
Brewed Awakenings,8332,6.39,2014-01-16 12:00
Bean There Done That,1321,98.34,2014-01-16 12:00
Bean There Done That,6895,17.4,2014-01-16 12:00
Jack's Magical Beans,9241,14.86,2014-01-16 12:00
Jack's Magical Beans,8156,12.56,2014-01-16 12:00
Jack's Magical Beans,2463,6.95,2014-01-16 12:00
Nationwide Refinery,3506,2047.28,2014-01-16 12:32
Abila Airport,8642,3917.3,2014-01-16 12:40
Katerina's Cafe,9683,11.08,2014-01-16 13:17
Katerina's Cafe,7688,27.82,2014-01-16 13:19
Hippokampos,8332,17.66,2014-01-16 13:19
Abila Zacharo,1286,64.71,2014-01-16 13:22
Abila Airport,2276,3138.98,2014-01-16 13:22
Hippokampos,8156,26.15,2014-01-16 13:22
Guy's Gyros,7889,31.48,2014-01-16 13:23
Katerina's Cafe,7792,34.9,2014-01-16 13:23
Hippokampos,6899,36.17,2014-01-16 13:26
Katerina's Cafe,3484,34.02,2014-01-16 13:27
Katerina's Cafe,5407,39.74,2014-01-16 13:27
Abila Zacharo,3547,31.31,2014-01-16 13:27
Guy's Gyros,9551,10.27,2014-01-16 13:28
Hippokampos,7253,16.53,2014-01-16 13:30
Hippokampos,2540,10.38,2014-01-16 13:30
Gelatogalore,2463,12.33,2014-01-16 13:33
Hippokampos,6691,13.05,2014-01-16 13:35
Hippokampos,1415,31.14,2014-01-16 13:36
Gelatogalore,9405,22.19,2014-01-16 13:37
Abila Zacharo,4795,69.27,2014-01-16 13:39
Guy's Gyros,7819,29.7,2014-01-16 13:42
Hippokampos,1321,14.89,2014-01-16 13:43
Katerina's Cafe,5368,38.32,2014-01-16 13:43
Guy's Gyros,6816,13.48,2014-01-16 13:44
Hippokampos,7354,18.18,2014-01-16 13:44
Ouzeri Elian,3853,12.47,2014-01-16 13:45
Kalami Kafenion,8202,9.27,2014-01-16 13:45
Ouzeri Elian,2142,18.27,2014-01-16 13:45
Abila Zacharo,7108,36.02,2014-01-16 13:47
Kalami Kafenion,9635,91.38,2014-01-16 13:48
Abila Zacharo,4948,24.38,2014-01-16 13:48
Gelatogalore,1874,32.4,2014-01-16 13:48
Hippokampos,9617,29.93,2014-01-16 13:48
Kalami Kafenion,3492,11.83,2014-01-16 13:48
Kalami Kafenion,7384,8.86,2014-01-16 13:49
Hippokampos,1310,8.07,2014-01-16 13:54
Hippokampos,8411,30.02,2014-01-16 13:55
Abila Zacharo,6901,8.43,2014-01-16 13:55
Ouzeri Elian,2418,8.52,2014-01-16 14:00
Ouzeri Elian,7117,8.47,2014-01-16 14:01
Guy's Gyros,1877,32.8,2014-01-16 14:05
Octavio's Office Supplies,5368,131.01,2014-01-16 15:58
Abila Scrapyard,2276,1897.05,2014-01-16 16:56
Gelatogalore,4434,10.62,2014-01-16 17:07
Carlyle Chemical Inc.,7792,1814.24,2014-01-16 17:17
Katerina's Cafe,8411,93.68,2014-01-16 18:49
Guy's Gyros,7384,25.57,2014-01-16 19:04
Guy's Gyros,3484,8.31,2014-01-16 19:09
Katerina's Cafe,7889,10.93,2014-01-16 19:39
Guy's Gyros,4795,37.8,2014-01-16 19:40
Frydos Autosupply n' More,1874,53.37,2014-01-16 19:45
Katerina's Cafe,3547,34.34,2014-01-16 19:47
Katerina's Cafe,5407,69.3,2014-01-16 20:05
Albert's Fine Clothing,7117,283.38,2014-01-16 20:08
Katerina's Cafe,8129,18.79,2014-01-16 20:09
Guy's Gyros,6901,28.27,2014-01-16 20:09
Hippokampos,1321,29.13,2014-01-16 20:13
Guy's Gyros,9683,111.31,2014-01-16 20:14
Guy's Gyros,3853,25.78,2014-01-16 20:17
Guy's Gyros,6816,30.76,2014-01-16 20:17
Katerina's Cafe,9617,13.91,2014-01-16 20:23
Ouzeri Elian,6899,23.89,2014-01-16 20:25
Albert's Fine Clothing,7819,91.71,2014-01-16 20:25
Katerina's Cafe,2418,35.43,2014-01-16 20:25
Roberts and Sons,4434,155.76,2014-01-16 20:25
Ouzeri Elian,2681,22.65,2014-01-16 20:25
Ouzeri Elian,9551,9.91,2014-01-16 20:28
Katerina's Cafe,9405,30.84,2014-01-16 20:28
Guy's Gyros,7108,11.31,2014-01-16 20:35
Katerina's Cafe,2142,19.44,2014-01-16 20:36
Katerina's Cafe,8202,30.56,2014-01-16 20:39
Hippokampos,6895,114,2014-01-16 20:42
Hippokampos,2463,27.74,2014-01-16 20:43
Shoppers' Delight,1877,160.69,2014-01-16 20:45
Shoppers' Delight,1286,16.84,2014-01-16 20:50
Katerina's Cafe,3492,34.58,2014-01-16 20:51
Roberts and Sons,7354,240.66,2014-01-16 20:52
Frydos Autosupply n' More,4948,130.01,2014-01-16 20:54
Hippokampos,8332,12.47,2014-01-16 20:58
Hippokampos,7688,20.84,2014-01-16 21:13
Ouzeri Elian,9241,29.99,2014-01-16 21:16
Brew've Been Served,7384,52.56,2014-01-17 07:29
Hallowed Grounds,1310,3.25,2014-01-17 07:31
Hallowed Grounds,7889,14.58,2014-01-17 07:33
Brew've Been Served,5368,11.69,2014-01-17 07:36
Coffee Cameleon,3547,10.27,2014-01-17 07:38
Hallowed Grounds,9617,15.98,2014-01-17 07:39
Hallowed Grounds,8129,10.52,2014-01-17 07:41
Brew've Been Served,4948,8.07,2014-01-17 07:50
Coffee Cameleon,7253,6.81,2014-01-17 07:51
Hallowed Grounds,1874,18.6,2014-01-17 07:52
Coffee Cameleon,6816,9.16,2014-01-17 07:52
Hallowed Grounds,5010,9.72,2014-01-17 07:56
Brew've Been Served,7354,10.52,2014-01-17 07:57
Hallowed Grounds,6691,5.52,2014-01-17 07:59
Brew've Been Served,4795,19.39,2014-01-17 07:59
Brew've Been Served,3484,13.66,2014-01-17 08:03
Hallowed Grounds,3492,38.22,2014-01-17 08:03
Hallowed Grounds,9551,9.4,2014-01-17 08:04
Brew've Been Served,9405,16.62,2014-01-17 08:04
Coffee Cameleon,2418,7.49,2014-01-17 08:07
Kronos Mart,1415,286.24,2014-01-17 08:08
Brew've Been Served,8202,9.3,2014-01-17 08:09
Brew've Been Served,5407,18.15,2014-01-17 08:12
Hallowed Grounds,2681,6.39,2014-01-17 08:12
Coffee Cameleon,4434,14.99,2014-01-17 08:13
Brew've Been Served,3853,3.09,2014-01-17 08:15
Brew've Been Served,6901,5.29,2014-01-17 08:17
Brew've Been Served,8411,14.58,2014-01-17 08:19
Brew've Been Served,7819,15.46,2014-01-17 08:22
Brew've Been Served,1286,51.04,2014-01-17 08:23
Stewart and Sons Fabrication,9735,1753.17,2014-01-17 11:32
Coffee Shack,7117,19.16,2014-01-17 12:00
Bean There Done That,1415,19.67,2014-01-17 12:00
Bean There Done That,9635,8.21,2014-01-17 12:00
Brewed Awakenings,7688,8.16,2014-01-17 12:00
Jack's Magical Beans,6899,7.57,2014-01-17 12:00
Brewed Awakenings,2540,88.69,2014-01-17 12:00
Bean There Done That,1877,19.56,2014-01-17 12:00
Brewed Awakenings,8332,6,2014-01-17 12:00
Bean There Done That,1321,18.72,2014-01-17 12:00
Bean There Done That,6895,5.77,2014-01-17 12:00
Jack's Magical Beans,9241,19.11,2014-01-17 12:00
Abila Zacharo,8332,68.78,2014-01-17 13:11
Kalami Kafenion,7253,140.78,2014-01-17 13:16
Hippokampos,2418,38.21,2014-01-17 13:16
Gelatogalore,8156,15.84,2014-01-17 13:17
Guy's Gyros,7688,8.64,2014-01-17 13:18
Guy's Gyros,3484,22.18,2014-01-17 13:21
Hippokampos,4795,14.57,2014-01-17 13:27
Abila Zacharo,5010,15.95,2014-01-17 13:28
Hippokampos,6816,15.77,2014-01-17 13:31
Gelatogalore,9635,23.23,2014-01-17 13:33
Kalami Kafenion,2463,105.32,2014-01-17 13:37
Ouzeri Elian,1415,14.01,2014-01-17 13:38
Guy's Gyros,3853,39.14,2014-01-17 13:38
Hippokampos,1286,52.31,2014-01-17 13:38
Kalami Kafenion,5407,39.43,2014-01-17 13:38
Kalami Kafenion,9405,27.7,2014-01-17 13:39
Gelatogalore,1310,37.3,2014-01-17 13:40
Abila Zacharo,2142,14.51,2014-01-17 13:41
Katerina's Cafe,3547,21.01,2014-01-17 13:42
Abila Zacharo,7354,79.67,2014-01-17 13:45
Gelatogalore,2681,18.1,2014-01-17 13:47
Katerina's Cafe,1321,13.11,2014-01-17 13:48
Chostus Hotel,9683,114.22,2014-01-17 13:49
Kalami Kafenion,1874,20.02,2014-01-17 13:51
Gelatogalore,7819,34.59,2014-01-17 13:51
Hippokampos,9617,108.35,2014-01-17 13:52
Kalami Kafenion,8411,24.21,2014-01-17 13:53
Katerina's Cafe,4434,35.52,2014-01-17 13:53
Chostus Hotel,2540,159.62,2014-01-17 13:54
Guy's Gyros,6901,32.31,2014-01-17 13:55
Gelatogalore,3492,21.62,2014-01-17 13:57
Hippokampos,1877,21.81,2014-01-17 13:58
Kalami Kafenion,7108,27.73,2014-01-17 13:58
Guy's Gyros,8202,15.12,2014-01-17 14:00
Guy's Gyros,7117,21.1,2014-01-17 14:05
Abila Zacharo,5368,51.95,2014-01-17 14:06
Katerina's Cafe,4948,70.72,2014-01-17 14:15
Ouzeri Elian,8129,26.1,2014-01-17 14:32
Katerina's Cafe,3492,22.18,2014-01-17 19:24
Guy's Gyros,6816,19.68,2014-01-17 19:29
Hippokampos,7117,19.76,2014-01-17 19:40
Ouzeri Elian,6899,38.6,2014-01-17 19:40
Albert's Fine Clothing,1321,1239.41,2014-01-17 19:44
Guy's Gyros,6901,16.83,2014-01-17 19:46
Guy's Gyros,4795,35.1,2014-01-17 19:53
Katerina's Cafe,8129,34.93,2014-01-17 19:57
Frydos Autosupply n' More,4948,124.52,2014-01-17 19:57
Hippokampos,2540,8.92,2014-01-17 20:03
Shoppers' Delight,7384,155.01,2014-01-17 20:05
Katerina's Cafe,1310,21.22,2014-01-17 20:07
Ouzeri Elian,9241,70.21,2014-01-17 20:07
Guy's Gyros,3484,37.55,2014-01-17 20:16
Katerina's Cafe,8202,36.12,2014-01-17 20:19
Katerina's Cafe,7253,19.09,2014-01-17 20:20
Guy's Gyros,7819,8.31,2014-01-17 20:21
Shoppers' Delight,1286,289.33,2014-01-17 20:21
Guy's Gyros,3853,8.54,2014-01-17 20:24
Katerina's Cafe,7889,72.13,2014-01-17 20:24
Ouzeri Elian,9551,35.81,2014-01-17 20:28
Ouzeri Elian,2681,26.4,2014-01-17 20:35
General Grocer,7108,98.03,2014-01-17 20:41
Frydos Autosupply n' More,7354,260.08,2014-01-17 20:41
Hippokampos,7688,11.93,2014-01-17 20:54
Katerina's Cafe,2142,38.21,2014-01-17 20:58
Guy's Gyros,9683,29.71,2014-01-17 20:59
Katerina's Cafe,5407,33.73,2014-01-17 21:05
Katerina's Cafe,9405,27.49,2014-01-17 21:06
Guy's Gyros,4434,55.4,2014-01-17 21:07
Frydos Autosupply n' More,5368,67.29,2014-01-17 21:15
Hippokampos,2463,38.19,2014-01-17 21:29
Hippokampos,9635,12.86,2014-01-17 21:58
Chostus Hotel,5010,600,2014-01-18 12:03
Abila Zacharo,8156,111.93,2014-01-18 13:04
Abila Zacharo,2540,25.59,2014-01-18 13:05
Katerina's Cafe,6691,34.54,2014-01-18 13:15
Ouzeri Elian,6895,33.57,2014-01-18 13:18
Kalami Kafenion,5368,30.12,2014-01-18 13:19
Hippokampos,1877,100.11,2014-01-18 13:21
Abila Zacharo,7253,18.45,2014-01-18 13:25
Guy's Gyros,7384,55.21,2014-01-18 13:27
Guy's Gyros,1874,27.4,2014-01-18 13:28
Kalami Kafenion,2463,38.91,2014-01-18 13:28
Abila Zacharo,9551,16.59,2014-01-18 13:32
Katerina's Cafe,3484,19.3,2014-01-18 13:34
Ouzeri Elian,3547,25.75,2014-01-18 13:34
Kalami Kafenion,1321,24.14,2014-01-18 13:58
Gelatogalore,2681,84.38,2014-01-18 13:58
Katerina's Cafe,8411,37.26,2014-01-18 14:00
Kalami Kafenion,8202,42.73,2014-01-18 14:02
Katerina's Cafe,7688,96.36,2014-01-18 14:03
Guy's Gyros,9617,47.89,2014-01-18 14:05
Katerina's Cafe,7819,24.14,2014-01-18 14:06
Kalami Kafenion,6901,53.36,2014-01-18 14:17
Ahaggo Museum,1286,55.55,2014-01-18 14:51
Ahaggo Museum,7384,120.2,2014-01-18 14:55
Albert's Fine Clothing,6895,35.66,2014-01-18 15:20
Frydos Autosupply n' More,5368,103.41,2014-01-18 15:31
General Grocer,3547,477.6,2014-01-18 15:31
Frydos Autosupply n' More,1874,361.54,2014-01-18 15:32
Shoppers' Delight,8156,258.33,2014-01-18 15:40
Roberts and Sons,7253,62.47,2014-01-18 15:41
Frydos Autosupply n' More,1877,103.55,2014-01-18 15:51
Frydos Autosupply n' More,2463,120.67,2014-01-18 15:53
Albert's Fine Clothing,6691,189.52,2014-01-18 15:57
Frank's Fuel,9635,52.66,2014-01-18 18:39
Frydos Autosupply n' More,5407,234.53,2014-01-18 18:51
Albert's Fine Clothing,8156,226.49,2014-01-18 18:59
Guy's Gyros,3484,39.68,2014-01-18 19:08
Katerina's Cafe,8129,21.63,2014-01-18 19:17
Roberts and Sons,9617,266.69,2014-01-18 19:20
Ouzeri Elian,6899,57.63,2014-01-18 19:21
Hippokampos,1321,21.34,2014-01-18 19:21
Guy's Gyros,5368,28.07,2014-01-18 19:21
Ouzeri Elian,9551,61.56,2014-01-18 19:26
Katerina's Cafe,7889,8.14,2014-01-18 19:30
Katerina's Cafe,1874,22.74,2014-01-18 19:31
Katerina's Cafe,4434,33.41,2014-01-18 19:32
Hippokampos,6895,27.21,2014-01-18 19:35
Katerina's Cafe,6691,35.79,2014-01-18 19:36
Abila Zacharo,4795,21.29,2014-01-18 19:36
Hippokampos,2463,53.21,2014-01-18 19:36
Kalami Kafenion,9635,71.14,2014-01-18 19:39
Guy's Gyros,6816,78.36,2014-01-18 19:39
Hippokampos,8332,63.21,2014-01-18 19:42
Roberts and Sons,7688,125.35,2014-01-18 19:46
Katerina's Cafe,8202,11.19,2014-01-18 19:46
Ouzeri Elian,2681,14.9,2014-01-18 19:46
Katerina's Cafe,4948,16.48,2014-01-18 19:47
Katerina's Cafe,3547,76.1,2014-01-18 19:53
Katerina's Cafe,1310,33.63,2014-01-18 19:54
Katerina's Cafe,2418,32.68,2014-01-18 19:56
Hippokampos,1286,49.21,2014-01-18 20:01
Katerina's Cafe,9405,17.37,2014-01-18 20:01
Katerina's Cafe,8411,45.88,2014-01-18 20:04
General Grocer,6901,108.49,2014-01-18 20:07
Katerina's Cafe,7354,19.31,2014-01-18 20:09
Hippokampos,1415,72.5,2014-01-18 20:11
Katerina's Cafe,3853,9.72,2014-01-18 20:13
Katerina's Cafe,7819,37.21,2014-01-18 20:15
Hippokampos,1877,29.21,2014-01-18 20:23
Hippokampos,7117,55.03,2014-01-18 20:26
Kronos Mart,3484,87.66,2014-01-19 03:13
Kronos Mart,9551,194.51,2014-01-19 03:45
Kronos Mart,8332,150.36,2014-01-19 03:48
Desafio Golf Course,8156,150.07,2014-01-19 12:41
Desafio Golf Course,7688,145.72,2014-01-19 12:57
Katerina's Cafe,7354,35.01,2014-01-19 13:00
Gelatogalore,6895,22.36,2014-01-19 13:09
Katerina's Cafe,4795,70.22,2014-01-19 13:23
Ahaggo Museum,9241,26.91,2014-01-19 13:26
Ouzeri Elian,3484,23.65,2014-01-19 13:27
Hippokampos,2142,64.37,2014-01-19 13:33
Desafio Golf Course,8332,190.91,2014-01-19 13:51
Katerina's Cafe,4434,26.76,2014-01-19 13:53
Katerina's Cafe,1310,12.78,2014-01-19 14:01
Ouzeri Elian,7384,45.32,2014-01-19 14:08
Katerina's Cafe,3492,54.2,2014-01-19 14:20
Abila Zacharo,6901,47.8,2014-01-19 14:20
General Grocer,6895,70.22,2014-01-19 15:03
Desafio Golf Course,2463,110.02,2014-01-19 15:15
Frydos Autosupply n' More,3484,56.09,2014-01-19 15:26
Albert's Fine Clothing,2142,274.66,2014-01-19 15:39
Desafio Golf Course,5010,148.22,2014-01-19 15:46
Frydos Autosupply n' More,4795,209.76,2014-01-19 15:53
Katerina's Cafe,3547,72.25,2014-01-19 18:54
Hippokampos,9635,101.25,2014-01-19 19:43
Hippokampos,8332,48.23,2014-01-19 19:43
Hippokampos,1321,88.27,2014-01-19 19:44
Hippokampos,6895,46.32,2014-01-19 19:44
Guy's Gyros,7384,65.21,2014-01-19 19:45
Guy's Gyros,1286,23.21,2014-01-19 19:45
Guy's Gyros,3484,58.35,2014-01-19 19:45
Frydos Autosupply n' More,9405,98.04,2014-01-19 19:45
Guy's Gyros,5010,25.79,2014-01-19 19:45
Ouzeri Elian,6899,67.98,2014-01-19 19:48
Ouzeri Elian,9551,32.77,2014-01-19 19:49
Guy's Gyros,6816,100.36,2014-01-19 19:49
Katerina's Cafe,7889,34.03,2014-01-19 19:53
Shoppers' Delight,2142,30.39,2014-01-19 19:56
Hippokampos,2463,63.17,2014-01-19 19:56
Guy's Gyros,7354,18.08,2014-01-19 20:00
Albert's Fine Clothing,2540,254.29,2014-01-19 20:02
Katerina's Cafe,1874,33.79,2014-01-19 20:05
Guy's Gyros,7108,36.87,2014-01-19 20:14
Hippokampos,1415,78.96,2014-01-19 20:16
Guy's Gyros,9683,37.48,2014-01-19 20:16
Katerina's Cafe,9617,38.9,2014-01-19 20:22
Guy's Gyros,3853,20.94,2014-01-19 20:25
Guy's Gyros,4434,31.94,2014-01-19 20:30
Guy's Gyros,6901,39.6,2014-01-19 20:51
