venue,cc4,amount,clock,day
Brew've Been Served,4795,11.34,07:28:00,2014-01-06
Hallowed Grounds,7108,52.22,07:34:00,2014-01-06
Brew've Been Served,6816,8.33,07:35:00,2014-01-06
Hallowed Grounds,9617,16.72,07:36:00,2014-01-06
Brew've Been Served,7384,4.24,07:37:00,2014-01-06
Brew've Been Served,5368,4.17,07:38:00,2014-01-06
Coffee Cameleon,7253,28.73,07:42:00,2014-01-06
Brew've Been Served,4948,9.6,07:43:00,2014-01-06
Brew've Been Served,9683,16.9,07:43:00,2014-01-06
Hallowed Grounds,8129,16.53,07:47:00,2014-01-06
Hallowed Grounds,3492,10.66,07:48:00,2014-01-06
Coffee Cameleon,5921,8.39,07:49:00,2014-01-06
Brew've Been Served,9405,32.83,07:52:00,2014-01-06
Hallowed Grounds,7889,16.88,07:54:00,2014-01-06
Coffee Cameleon,2142,11.86,07:54:00,2014-01-06
Hallowed Grounds,2681,32.93,07:54:00,2014-01-06
Hallowed Grounds,9551,8.05,07:55:00,2014-01-06
Brew've Been Served,3484,3.67,07:55:00,2014-01-06
Brew've Been Served,7819,8.88,07:59:00,2014-01-06
Brew've Been Served,5407,4.27,08:00:00,2014-01-06
Hallowed Grounds,6691,9.69,08:00:00,2014-01-06
Hallowed Grounds,1874,10.07,08:01:00,2014-01-06
Brew've Been Served,3853,18.24,08:06:00,2014-01-06
Brew've Been Served,4434,15.58,08:06:00,2014-01-06
Brew've Been Served,6901,5.66,08:07:00,2014-01-06
Coffee Cameleon,2418,3.2,08:14:00,2014-01-06
Brew've Been Served,1286,14.97,08:16:00,2014-01-06
Brew've Been Served,8411,11.2,08:16:00,2014-01-06
Brew've Been Served,8202,15.39,08:17:00,2014-01-06
Abila Airport,9220,4540.08,08:23:00,2014-01-06
Kronos Pipe and Irrigation,9220,242.21,09:06:00,2014-01-06
Nationwide Refinery,9735,761.64,10:02:00,2014-01-06
Maximum Iron and Steel,9220,2859.51,10:18:00,2014-01-06
Stewart and Sons Fabrication,9735,2144.62,11:33:00,2014-01-06
Carlyle Chemical Inc.,9220,3959.66,11:57:00,2014-01-06
Coffee Shack,7117,51.51,12:00:00,2014-01-06
Bean There Done That,1415,10.28,12:00:00,2014-01-06
Bean There Done That,9635,16.09,12:00:00,2014-01-06
Brewed Awakenings,7688,5.72,12:00:00,2014-01-06
Jack's Magical Beans,6899,11.03,12:00:00,2014-01-06
Brewed Awakenings,2540,16.89,12:00:00,2014-01-06
Bean There Done That,1877,8.54,12:00:00,2014-01-06
Brewed Awakenings,8332,4.35,12:00:00,2014-01-06
Bean There Done That,1321,5.24,12:00:00,2014-01-06
Bean There Done That,6895,4.27,12:00:00,2014-01-06
Jack's Magical Beans,9241,18.59,12:00:00,2014-01-06
Jack's Magical Beans,8156,27.84,12:00:00,2014-01-06
Jack's Magical Beans,2463,18.1,12:00:00,2014-01-06
Abila Airport,8642,1873.79,12:16:00,2014-01-06
Katerina's Cafe,8332,13.68,12:56:00,2014-01-06
Hippokampos,8156,9.16,12:57:00,2014-01-06
Abila Zacharo,2418,106.93,13:18:00,2014-01-06
Gelatogalore,7253,12.74,13:19:00,2014-01-06
Kalami Kafenion,3484,70.1,13:19:00,2014-01-06
Hippokampos,6691,34.03,13:20:00,2014-01-06
Hippokampos,9551,28.23,13:21:00,2014-01-06
Ouzeri Elian,2540,38.9,13:22:00,2014-01-06
Hippokampos,4795,13.26,13:23:00,2014-01-06
Guy's Gyros,1415,15.44,13:24:00,2014-01-06
Abila Zacharo,7688,30.08,13:27:00,2014-01-06
Abila Zacharo,1286,50.14,13:27:00,2014-01-06
Katerina's Cafe,8411,33.54,13:28:00,2014-01-06
Kalami Kafenion,5407,8.64,13:28:00,2014-01-06
Guy's Gyros,7384,16.92,13:30:00,2014-01-06
Hippokampos,2681,36.54,13:35:00,2014-01-06
Abila Zacharo,7354,92.05,13:35:00,2014-01-06
Ouzeri Elian,6816,20.56,13:37:00,2014-01-06
Guy's Gyros,1310,11.22,13:39:00,2014-01-06
Gelatogalore,7889,22.64,13:41:00,2014-01-06
Ouzeri Elian,6895,20.4,13:42:00,2014-01-06
Guy's Gyros,9635,30.82,13:46:00,2014-01-06
Katerina's Cafe,6899,18.56,13:46:00,2014-01-06
Guy's Gyros,2463,99.67,13:46:00,2014-01-06
Kalami Kafenion,1321,22.13,13:47:00,2014-01-06
Ouzeri Elian,5368,20.74,13:48:00,2014-01-06
Ouzeri Elian,5921,30.87,13:48:00,2014-01-06
Katerina's Cafe,1874,13.59,13:50:00,2014-01-06
Katerina's Cafe,9617,32.64,13:50:00,2014-01-06
Kalami Kafenion,4434,22.31,13:52:00,2014-01-06
Gelatogalore,3492,36.33,13:52:00,2014-01-06
Katerina's Cafe,2142,36.95,13:53:00,2014-01-06
Abila Zacharo,9405,23.15,13:54:00,2014-01-06
Hippokampos,1877,8.64,13:57:00,2014-01-06
Hippokampos,8202,38.25,13:58:00,2014-01-06
Katerina's Cafe,3853,39.41,13:59:00,2014-01-06
Kalami Kafenion,7117,13.08,14:00:00,2014-01-06
Gelatogalore,7819,23.41,14:00:00,2014-01-06
Hippokampos,4948,30.88,14:04:00,2014-01-06
Abila Zacharo,7108,78.11,14:05:00,2014-01-06
Kalami Kafenion,8129,27.4,14:15:00,2014-01-06
Katerina's Cafe,6901,19.65,14:17:00,2014-01-06
Abila Airport,9220,777.06,15:14:00,2014-01-06
Abila Airport,8642,612.47,15:39:00,2014-01-06
U-Pump,3484,59.51,17:28:00,2014-01-06
Katerina's Cafe,8411,78.65,18:56:00,2014-01-06
Katerina's Cafe,8129,26.46,19:08:00,2014-01-06
Guy's Gyros,7384,39.29,19:18:00,2014-01-06
Frydos Autosupply n' More,9241,273.87,19:50:00,2014-01-06
Katerina's Cafe,7253,23.63,20:07:00,2014-01-06
Katerina's Cafe,1874,12.32,20:08:00,2014-01-06
Guy's Gyros,6901,11.94,20:09:00,2014-01-06
Frydos Autosupply n' More,8202,80.85,20:12:00,2014-01-06
Guy's Gyros,3484,22.57,20:13:00,2014-01-06
Guy's Gyros,6816,117.82,20:15:00,2014-01-06
Frydos Autosupply n' More,5368,175.87,20:15:00,2014-01-06
Katerina's Cafe,2418,21.66,20:19:00,2014-01-06
Hippokampos,1321,35.34,20:20:00,2014-01-06
Guy's Gyros,7819,28.94,20:24:00,2014-01-06
Albert's Fine Clothing,9551,276.9,20:26:00,2014-01-06
Guy's Gyros,7108,95.29,20:28:00,2014-01-06
Hippokampos,6895,85.5,20:29:00,2014-01-06
Katerina's Cafe,9405,17.92,20:29:00,2014-01-06
Katerina's Cafe,6691,28.0,20:30:00,2014-01-06
Katerina's Cafe,5921,15.52,20:33:00,2014-01-06
Hippokampos,1877,26.8,20:36:00,2014-01-06
Hippokampos,7117,24.41,20:46:00,2014-01-06
Hippokampos,1415,21.33,20:46:00,2014-01-06
Frydos Autosupply n' More,5407,149.3,20:47:00,2014-01-06
Shoppers' Delight,7354,293.67,20:49:00,2014-01-06
Hippokampos,7688,17.27,20:52:00,2014-01-06
Katerina's Cafe,3492,26.1,20:59:00,2014-01-06
Katerina's Cafe,9617,10.72,21:03:00,2014-01-06
Albert's Fine Clothing,4434,121.76,21:03:00,2014-01-06
Hippokampos,8156,28.14,21:11:00,2014-01-06
Katerina's Cafe,4948,26.51,21:12:00,2014-01-06
Frydos Autosupply n' More,2142,197.32,21:23:00,2014-01-06
Frydos Autosupply n' More,1310,314.98,21:32:00,2014-01-06
Hippokampos,8332,20.61,21:52:00,2014-01-06
Brew've Been Served,7384,5.08,07:27:00,2014-01-07
Brew've Been Served,5368,12.74,07:31:00,2014-01-07
Brew've Been Served,4795,7.09,07:33:00,2014-01-07
Hallowed Grounds,7889,14.05,07:35:00,2014-01-07
Hallowed Grounds,8129,8.91,07:37:00,2014-01-07
Hallowed Grounds,1874,19.59,07:41:00,2014-01-07
Brew've Been Served,6816,19.6,07:45:00,2014-01-07
Hallowed Grounds,9551,84.44,07:46:00,2014-01-07
Coffee Cameleon,5921,9.1,07:46:00,2014-01-07
Hallowed Grounds,1310,7.88,07:47:00,2014-01-07
Hallowed Grounds,7108,18.97,07:48:00,2014-01-07
Coffee Cameleon,7253,27.66,07:49:00,2014-01-07
Brew've Been Served,5407,4.39,07:50:00,2014-01-07
Hallowed Grounds,3492,9.61,07:50:00,2014-01-07
Brew've Been Served,4434,3.0,07:52:00,2014-01-07
Brew've Been Served,1286,11.92,07:54:00,2014-01-07
Brew've Been Served,3484,69.06,07:55:00,2014-01-07
Brew've Been Served,9683,98.53,07:56:00,2014-01-07
Hallowed Grounds,6691,10.33,07:57:00,2014-01-07
Brew've Been Served,8202,17.4,07:58:00,2014-01-07
Brew've Been Served,4948,11.91,08:00:00,2014-01-07
Coffee Cameleon,2142,11.55,08:00:00,2014-01-07
Coffee Cameleon,2418,52.44,08:01:00,2014-01-07
Hallowed Grounds,9617,9.92,08:01:00,2014-01-07
Hallowed Grounds,2681,68.42,08:01:00,2014-01-07
Brew've Been Served,9405,14.49,08:02:00,2014-01-07
Brew've Been Served,7819,3.03,08:06:00,2014-01-07
Brew've Been Served,8411,15.66,08:09:00,2014-01-07
Brew've Been Served,6901,47.74,08:18:00,2014-01-07
Abila Airport,3506,3840.37,09:17:00,2014-01-07
Stewart and Sons Fabrication,3506,1200.9,10:05:00,2014-01-07
Nationwide Refinery,9735,1347.36,10:11:00,2014-01-07
Stewart and Sons Fabrication,9735,1843.33,11:31:00,2014-01-07
Nationwide Refinery,7792,1562.66,11:39:00,2014-01-07
Coffee Shack,7117,16.63,12:00:00,2014-01-07
Bean There Done That,1415,51.25,12:00:00,2014-01-07
Brewed Awakenings,7688,12.17,12:00:00,2014-01-07
Jack's Magical Beans,6899,23.68,12:00:00,2014-01-07
Brewed Awakenings,3853,64.84,12:00:00,2014-01-07
Brewed Awakenings,2540,71.59,12:00:00,2014-01-07
Bean There Done That,1877,53.89,12:00:00,2014-01-07
Brewed Awakenings,8332,6.72,12:00:00,2014-01-07
Bean There Done That,1321,8.03,12:00:00,2014-01-07
Bean There Done That,6895,46.25,12:00:00,2014-01-07
Jack's Magical Beans,9241,18.77,12:00:00,2014-01-07
Jack's Magical Beans,8156,19.61,12:00:00,2014-01-07
Jack's Magical Beans,2463,69.84,12:00:00,2014-01-07
Nationwide Refinery,3506,1071.04,12:02:00,2014-01-07
Abila Airport,8642,124.89,12:29:00,2014-01-07
Katerina's Cafe,7792,59.07,13:08:00,2014-01-07
Guy's Gyros,8156,29.57,13:13:00,2014-01-07
Abila Zacharo,1415,13.52,13:20:00,2014-01-07
Gelatogalore,8332,35.06,13:20:00,2014-01-07
Guy's Gyros,7354,38.56,13:20:00,2014-01-07
Kalami Kafenion,1286,45.05,13:24:00,2014-01-07
Kalami Kafenion,5407,11.64,13:24:00,2014-01-07
Abila Zacharo,6899,82.25,13:25:00,2014-01-07
Ouzeri Elian,2142,29.1,13:29:00,2014-01-07
Gelatogalore,1310,51.64,13:30:00,2014-01-07
Ouzeri Elian,4948,28.37,13:32:00,2014-01-07
Abila Zacharo,7688,52.72,13:33:00,2014-01-07
Gelatogalore,7253,34.04,13:33:00,2014-01-07
Katerina's Cafe,7889,22.27,13:33:00,2014-01-07
Guy's Gyros,6816,11.31,13:33:00,2014-01-07
Kalami Kafenion,4795,18.06,13:33:00,2014-01-07
Ouzeri Elian,6895,64.84,13:34:00,2014-01-07
Gelatogalore,2463,8.98,13:35:00,2014-01-07
Gelatogalore,9551,21.52,13:37:00,2014-01-07
Gelatogalore,9405,17.21,13:39:00,2014-01-07
Katerina's Cafe,3484,51.41,13:41:00,2014-01-07
Abila Zacharo,9683,17.81,13:41:00,2014-01-07
Ouzeri Elian,5368,97.71,13:42:00,2014-01-07
Abila Zacharo,2418,32.4,13:44:00,2014-01-07
Kalami Kafenion,1877,22.83,13:45:00,2014-01-07
Guy's Gyros,9635,10.11,13:46:00,2014-01-07
Kalami Kafenion,7108,22.14,13:46:00,2014-01-07
Gelatogalore,2681,36.5,13:49:00,2014-01-07
Ouzeri Elian,8411,21.85,13:50:00,2014-01-07
Gelatogalore,1874,71.77,13:52:00,2014-01-07
Hippokampos,3853,51.69,13:53:00,2014-01-07
Gelatogalore,5921,88.97,13:54:00,2014-01-07
Abila Zacharo,7819,65.9,13:55:00,2014-01-07
Ouzeri Elian,1321,16.2,13:56:00,2014-01-07
Katerina's Cafe,8202,37.44,13:57:00,2014-01-07
Gelatogalore,6691,15.4,13:57:00,2014-01-07
Hippokampos,3492,76.11,14:00:00,2014-01-07
Katerina's Cafe,4434,10.9,14:07:00,2014-01-07
Guy's Gyros,9617,12.57,14:09:00,2014-01-07
Ouzeri Elian,6901,59.51,14:09:00,2014-01-07
Hippokampos,8129,37.57,14:11:00,2014-01-07
Abila Scrapyard,2276,2149.28,14:16:00,2014-01-07
Kronos Pipe and Irrigation,4530,3920.82,14:19:00,2014-01-07
Carlyle Chemical Inc.,7792,4803.13,14:34:00,2014-01-07
Stewart and Sons Fabrication,2276,962.2,15:03:00,2014-01-07
Maximum Iron and Steel,4530,3207.31,15:20:00,2014-01-07
Abila Airport,8642,3411.29,15:41:00,2014-01-07
Nationwide Refinery,2276,889.58,16:24:00,2014-01-07
Guy's Gyros,7819,14.87,19:45:00,2014-01-07
Guy's Gyros,3484,31.23,19:48:00,2014-01-07
Hippokampos,1877,20.17,20:01:00,2014-01-07
Hippokampos,1415,11.56,20:02:00,2014-01-07
Albert's Fine Clothing,6895,308.36,20:04:00,2014-01-07
Katerina's Cafe,7253,19.49,20:09:00,2014-01-07
Albert's Fine Clothing,7117,78.91,20:10:00,2014-01-07
Guy's Gyros,7384,42.25,20:10:00,2014-01-07
Guy's Gyros,4795,26.82,20:10:00,2014-01-07
Katerina's Cafe,2142,10.07,20:11:00,2014-01-07
Guy's Gyros,9683,76.71,20:11:00,2014-01-07
Katerina's Cafe,1874,55.63,20:12:00,2014-01-07
Katerina's Cafe,7889,94.75,20:13:00,2014-01-07
Katerina's Cafe,8202,65.02,20:13:00,2014-01-07
Guy's Gyros,3853,62.33,20:14:00,2014-01-07
Ouzeri Elian,9241,11.41,20:15:00,2014-01-07
Katerina's Cafe,8411,31.6,20:18:00,2014-01-07
Guy's Gyros,7354,89.76,20:19:00,2014-01-07
Frydos Autosupply n' More,6901,312.73,20:20:00,2014-01-07
Katerina's Cafe,5921,19.53,20:32:00,2014-01-07
Katerina's Cafe,9617,17.26,20:33:00,2014-01-07
Katerina's Cafe,6691,25.54,20:33:00,2014-01-07
Hippokampos,1321,70.19,20:34:00,2014-01-07
Guy's Gyros,5368,23.12,20:34:00,2014-01-07
Katerina's Cafe,3492,32.83,20:47:00,2014-01-07
Ouzeri Elian,2681,20.53,20:49:00,2014-01-07
Hippokampos,8156,32.99,20:51:00,2014-01-07
Katerina's Cafe,9405,33.29,21:01:00,2014-01-07
Hippokampos,2540,21.2,21:03:00,2014-01-07
Hippokampos,2463,37.88,21:17:00,2014-01-07
Katerina's Cafe,1310,18.35,21:19:00,2014-01-07
Hippokampos,7688,35.85,21:21:00,2014-01-07
Hippokampos,8332,22.18,21:51:00,2014-01-07
Brew've Been Served,7354,15.66,07:31:00,2014-01-08
Hallowed Grounds,7108,12.19,07:39:00,2014-01-08
Hallowed Grounds,1874,8.15,07:39:00,2014-01-08
Hallowed Grounds,1310,8.28,07:39:00,2014-01-08
Hallowed Grounds,8129,5.85,07:40:00,2014-01-08
Brew've Been Served,4948,3.09,07:42:00,2014-01-08
Hallowed Grounds,9617,3.4,07:43:00,2014-01-08
Hallowed Grounds,3492,3.11,07:47:00,2014-01-08
Brew've Been Served,3853,32.92,07:48:00,2014-01-08
Brew've Been Served,6816,8.27,07:48:00,2014-01-08
Brew've Been Served,9683,19.17,07:48:00,2014-01-08
Brew've Been Served,9405,33.68,07:50:00,2014-01-08
Hallowed Grounds,2681,3.9,07:50:00,2014-01-08
Coffee Cameleon,7253,6.59,07:51:00,2014-01-08
Coffee Cameleon,5921,12.26,07:52:00,2014-01-08
Hallowed Grounds,7889,79.92,07:55:00,2014-01-08
Brew've Been Served,3484,91.87,07:55:00,2014-01-08
Hallowed Grounds,9551,12.86,07:56:00,2014-01-08
Brew've Been Served,5368,74.88,07:57:00,2014-01-08
Hallowed Grounds,6691,11.63,07:57:00,2014-01-08
Brew've Been Served,5407,8.4,07:58:00,2014-01-08
Coffee Cameleon,2142,15.71,07:59:00,2014-01-08
Brew've Been Served,4795,32.3,08:00:00,2014-01-08
Brew've Been Served,8202,3.92,08:01:00,2014-01-08
Brew've Been Served,7819,17.13,08:01:00,2014-01-08
Brew've Been Served,7384,3.42,08:01:00,2014-01-08
Brew've Been Served,6901,10.15,08:03:00,2014-01-08
Brew've Been Served,8411,11.48,08:09:00,2014-01-08
Brew've Been Served,1286,7.26,08:16:00,2014-01-08
Brew've Been Served,4434,6.3,08:18:00,2014-01-08
Coffee Cameleon,2418,16.17,08:22:00,2014-01-08
Carlyle Chemical Inc.,7792,3048.31,09:43:00,2014-01-08
Nationwide Refinery,9152,4513.16,09:54:00,2014-01-08
Nationwide Refinery,9735,3674.32,10:14:00,2014-01-08
Stewart and Sons Fabrication,9152,1738.26,11:28:00,2014-01-08
Stewart and Sons Fabrication,9735,1673.77,11:58:00,2014-01-08
Coffee Shack,7117,13.13,12:00:00,2014-01-08
Bean There Done That,1415,17.45,12:00:00,2014-01-08
Bean There Done That,9635,12.07,12:00:00,2014-01-08
Brewed Awakenings,7688,11.73,12:00:00,2014-01-08
Jack's Magical Beans,6899,3.96,12:00:00,2014-01-08
Brewed Awakenings,2540,12.32,12:00:00,2014-01-08
Bean There Done That,1877,8.06,12:00:00,2014-01-08
Brewed Awakenings,8332,15.03,12:00:00,2014-01-08
Bean There Done That,1321,94.96,12:00:00,2014-01-08
Jack's Magical Beans,9241,18.78,12:00:00,2014-01-08
Jack's Magical Beans,8156,12.37,12:00:00,2014-01-08
Jack's Magical Beans,2463,31.25,12:00:00,2014-01-08
Frank's Fuel,3853,65.34,12:29:00,2014-01-08
Abila Airport,8642,2723.18,12:45:00,2014-01-08
Chostus Hotel,2540,107.51,12:56:00,2014-01-08
Carlyle Chemical Inc.,4530,4983.52,13:03:00,2014-01-08
Abila Zacharo,5407,22.13,13:10:00,2014-01-08
Hippokampos,8332,26.55,13:12:00,2014-01-08
Hippokampos,4795,9.03,13:15:00,2014-01-08
Katerina's Cafe,7792,29.26,13:19:00,2014-01-08
Chostus Hotel,9683,111.89,13:19:00,2014-01-08
Ouzeri Elian,8156,109.73,13:21:00,2014-01-08
Abila Zacharo,2463,36.85,13:23:00,2014-01-08
Hippokampos,7253,16.59,13:26:00,2014-01-08
Gelatogalore,8411,32.79,13:27:00,2014-01-08
Katerina's Cafe,6899,8.53,13:28:00,2014-01-08
Gelatogalore,9405,20.72,13:28:00,2014-01-08
Kalami Kafenion,5921,24.08,13:29:00,2014-01-08
Hippokampos,1321,37.89,13:31:00,2014-01-08
Guy's Gyros,7384,30.12,13:32:00,2014-01-08
Abila Zacharo,1415,14.41,13:34:00,2014-01-08
Katerina's Cafe,1310,88.98,13:34:00,2014-01-08
Gelatogalore,1286,50.36,13:38:00,2014-01-08
Gelatogalore,3484,119.75,13:39:00,2014-01-08
Guy's Gyros,3853,77.9,13:40:00,2014-01-08
Katerina's Cafe,2142,26.45,13:41:00,2014-01-08
Gelatogalore,7889,35.29,13:42:00,2014-01-08
Kalami Kafenion,8202,22.49,13:42:00,2014-01-08
Katerina's Cafe,6895,57.04,13:42:00,2014-01-08
Hippokampos,9551,39.8,13:43:00,2014-01-08
Kalami Kafenion,7354,31.96,13:44:00,2014-01-08
Kalami Kafenion,3492,23.82,13:45:00,2014-01-08
Abila Zacharo,2681,28.25,13:46:00,2014-01-08
Katerina's Cafe,1877,27.05,13:47:00,2014-01-08
Gelatogalore,2418,22.27,13:47:00,2014-01-08
Ouzeri Elian,5368,104.92,13:47:00,2014-01-08
Hippokampos,9635,28.79,13:48:00,2014-01-08
Gelatogalore,7819,116.72,13:48:00,2014-01-08
Guy's Gyros,1874,15.86,13:51:00,2014-01-08
Abila Zacharo,6901,30.85,13:51:00,2014-01-08
Kalami Kafenion,6816,14.77,13:52:00,2014-01-08
Abila Zacharo,9617,16.2,13:53:00,2014-01-08
Guy's Gyros,4434,10.34,13:57:00,2014-01-08
Katerina's Cafe,7108,22.94,14:06:00,2014-01-08
Kronos Pipe and Irrigation,4530,3615.61,14:09:00,2014-01-08
Kalami Kafenion,7117,34.98,14:15:00,2014-01-08
Gelatogalore,4948,39.94,14:17:00,2014-01-08
Kalami Kafenion,8129,31.43,14:19:00,2014-01-08
Carlyle Chemical Inc.,7792,4901.88,14:26:00,2014-01-08
Maximum Iron and Steel,4530,3136.01,15:18:00,2014-01-08
Abila Airport,8642,2769.12,15:29:00,2014-01-08
Hippokampos,1415,10.52,19:21:00,2014-01-08
Hippokampos,2540,16.54,19:28:00,2014-01-08
Katerina's Cafe,5407,34.25,19:32:00,2014-01-08
Guy's Gyros,7354,15.69,19:36:00,2014-01-08
Guy's Gyros,4434,30.48,19:48:00,2014-01-08
Katerina's Cafe,8411,13.83,20:00:00,2014-01-08
Hippokampos,6895,32.66,20:02:00,2014-01-08
Guy's Gyros,7384,28.81,20:07:00,2014-01-08
Frydos Autosupply n' More,2418,214.07,20:07:00,2014-01-08
Guy's Gyros,5368,33.02,20:08:00,2014-01-08
Katerina's Cafe,1310,31.59,20:08:00,2014-01-08
Ouzeri Elian,1286,62.2,20:12:00,2014-01-08
Guy's Gyros,3484,99.08,20:15:00,2014-01-08
Frydos Autosupply n' More,3853,182.56,20:17:00,2014-01-08
Guy's Gyros,9683,18.24,20:17:00,2014-01-08
Katerina's Cafe,2142,33.31,20:27:00,2014-01-08
Hippokampos,7117,96.75,20:28:00,2014-01-08
Frydos Autosupply n' More,6691,268.89,20:28:00,2014-01-08
Katerina's Cafe,7889,36.6,20:31:00,2014-01-08
Katerina's Cafe,8202,16.93,20:35:00,2014-01-08
Katerina's Cafe,5921,92.83,20:42:00,2014-01-08
Albert's Fine Clothing,9635,136.01,20:45:00,2014-01-08
Hippokampos,8332,15.64,20:49:00,2014-01-08
Hippokampos,7688,26.31,20:53:00,2014-01-08
Guy's Gyros,6901,10.28,20:57:00,2014-01-08
Guy's Gyros,7819,22.91,20:58:00,2014-01-08
General Grocer,7108,265.84,21:00:00,2014-01-08
Katerina's Cafe,4948,28.86,21:02:00,2014-01-08
Katerina's Cafe,1874,27.87,21:09:00,2014-01-08
Ouzeri Elian,9551,30.81,21:16:00,2014-01-08
Ouzeri Elian,6899,29.85,21:17:00,2014-01-08
Hippokampos,2463,78.99,21:32:00,2014-01-08
Coffee Cameleon,7253,12.47,07:35:00,2014-01-09
Brew've Been Served,9683,70.71,07:36:00,2014-01-09
Hallowed Grounds,1310,17.56,07:37:00,2014-01-09
Coffee Cameleon,5921,19.99,07:37:00,2014-01-09
Hallowed Grounds,7108,56.77,07:42:00,2014-01-09
Brew've Been Served,5368,5.43,07:43:00,2014-01-09
Hallowed Grounds,8129,75.24,07:46:00,2014-01-09
Brew've Been Served,4948,4.4,07:46:00,2014-01-09
Brew've Been Served,7384,5.3,07:48:00,2014-01-09
Brew've Been Served,7354,34.85,07:48:00,2014-01-09
Brew've Been Served,4795,5.13,07:48:00,2014-01-09
Hallowed Grounds,9551,34.45,07:50:00,2014-01-09
Hallowed Grounds,7889,19.22,07:51:00,2014-01-09
Brew've Been Served,8202,98.25,07:56:00,2014-01-09
Hallowed Grounds,9617,18.48,07:57:00,2014-01-09
Brew've Been Served,8411,5.26,07:57:00,2014-01-09
Hallowed Grounds,9405,50.25,07:57:00,2014-01-09
Brew've Been Served,6901,19.47,07:58:00,2014-01-09
Brew've Been Served,7819,6.61,08:00:00,2014-01-09
Brew've Been Served,4434,6.21,08:00:00,2014-01-09
Brew've Been Served,3484,92.12,08:01:00,2014-01-09
Coffee Cameleon,2142,16.13,08:03:00,2014-01-09
Hallowed Grounds,3492,65.68,08:07:00,2014-01-09
Brew've Been Served,1286,17.64,08:14:00,2014-01-09
Brew've Been Served,5407,5.57,08:15:00,2014-01-09
Hallowed Grounds,2681,15.33,08:15:00,2014-01-09
Abila Airport,3506,2358.22,09:26:00,2014-01-09
Carlyle Chemical Inc.,7792,529.47,09:54:00,2014-01-09
Nationwide Refinery,9735,674.28,10:16:00,2014-01-09
Stewart and Sons Fabrication,3506,1015.65,10:38:00,2014-01-09
Carlyle Chemical Inc.,4530,732.82,11:21:00,2014-01-09
Nationwide Refinery,7792,289.3,11:34:00,2014-01-09
Stewart and Sons Fabrication,9735,3544.0,11:37:00,2014-01-09
Coffee Shack,7117,5.01,12:00:00,2014-01-09
Bean There Done That,1415,13.0,12:00:00,2014-01-09
Brewed Awakenings,7688,11.76,12:00:00,2014-01-09
Jack's Magical Beans,6899,10.11,12:00:00,2014-01-09
Jack's Magical Beans,3853,6.0,12:00:00,2014-01-09
Brewed Awakenings,2540,13.16,12:00:00,2014-01-09
Bean There Done That,1877,4.06,12:00:00,2014-01-09
Brewed Awakenings,8332,17.66,12:00:00,2014-01-09
Bean There Done That,1321,15.53,12:00:00,2014-01-09
Jack's Magical Beans,9241,12.13,12:00:00,2014-01-09
Jack's Magical Beans,8156,15.55,12:00:00,2014-01-09
Jack's Magical Beans,2463,37.43,12:00:00,2014-01-09
Abila Airport,8642,202.93,12:13:00,2014-01-09
Nationwide Refinery,3506,1440.39,12:49:00,2014-01-09
Ouzeri Elian,8332,31.03,12:59:00,2014-01-09
Katerina's Cafe,7253,17.02,13:03:00,2014-01-09
Gelatogalore,5407,19.2,13:12:00,2014-01-09
Abila Airport,2276,4792.5,13:18:00,2014-01-09
Ouzeri Elian,7688,26.09,13:21:00,2014-01-09
Gelatogalore,4795,23.45,13:21:00,2014-01-09
Guy's Gyros,7354,105.4,13:21:00,2014-01-09
Gelatogalore,6899,8.6,13:23:00,2014-01-09
Gelatogalore,2540,56.74,13:23:00,2014-01-09
Ouzeri Elian,6816,22.4,13:23:00,2014-01-09
Katerina's Cafe,7792,16.98,13:23:00,2014-01-09
Abila Zacharo,3484,8.16,13:24:00,2014-01-09
Kalami Kafenion,6895,110.76,13:27:00,2014-01-09
Katerina's Cafe,8156,25.85,13:27:00,2014-01-09
Guy's Gyros,7889,13.59,13:28:00,2014-01-09
Hippokampos,2418,27.47,13:29:00,2014-01-09
Abila Zacharo,2463,8.6,13:32:00,2014-01-09
Katerina's Cafe,3853,10.42,13:35:00,2014-01-09
Gelatogalore,8411,23.23,13:35:00,2014-01-09
Hippokampos,9683,27.93,13:36:00,2014-01-09
Hippokampos,1321,9.12,13:37:00,2014-01-09
Kalami Kafenion,7384,18.14,13:38:00,2014-01-09
Abila Zacharo,1874,20.73,13:40:00,2014-01-09
Gelatogalore,9405,11.94,13:40:00,2014-01-09
Abila Zacharo,9551,89.41,13:41:00,2014-01-09
Hippokampos,9635,8.43,13:41:00,2014-01-09
Hippokampos,5368,39.22,13:41:00,2014-01-09
Guy's Gyros,1415,74.91,13:43:00,2014-01-09
Guy's Gyros,9617,15.0,13:44:00,2014-01-09
Gelatogalore,2681,24.68,13:45:00,2014-01-09
Abila Zacharo,1286,48.39,13:47:00,2014-01-09
Hippokampos,1310,13.84,13:51:00,2014-01-09
Hippokampos,2142,16.65,13:53:00,2014-01-09
Kalami Kafenion,4948,19.84,13:56:00,2014-01-09
Hippokampos,4434,65.7,13:56:00,2014-01-09
Guy's Gyros,6901,8.87,13:56:00,2014-01-09
Kalami Kafenion,6691,35.99,14:03:00,2014-01-09
Kalami Kafenion,8129,10.94,14:04:00,2014-01-09
Ouzeri Elian,7108,32.89,14:04:00,2014-01-09
Katerina's Cafe,1877,8.01,14:06:00,2014-01-09
Guy's Gyros,8202,27.69,14:09:00,2014-01-09
Abila Scrapyard,2276,1158.36,14:12:00,2014-01-09
Guy's Gyros,5921,17.44,14:13:00,2014-01-09
Abila Zacharo,7819,14.37,14:15:00,2014-01-09
Gelatogalore,7117,36.75,14:18:00,2014-01-09
Carlyle Chemical Inc.,7792,382.43,14:26:00,2014-01-09
Kronos Pipe and Irrigation,4530,423.14,14:28:00,2014-01-09
Stewart and Sons Fabrication,2276,918.6,15:00:00,2014-01-09
Maximum Iron and Steel,4530,1527.14,15:16:00,2014-01-09
Abila Airport,8642,4538.52,15:50:00,2014-01-09
Carlyle Chemical Inc.,7792,2176.2,16:22:00,2014-01-09
Nationwide Refinery,2276,1322.5,16:27:00,2014-01-09
Katerina's Cafe,8129,35.92,19:25:00,2014-01-09
Katerina's Cafe,5921,26.6,19:30:00,2014-01-09
Frydos Autosupply n' More,3484,138.02,19:32:00,2014-01-09
Guy's Gyros,7354,31.81,19:41:00,2014-01-09
Ouzeri Elian,6899,27.08,19:42:00,2014-01-09
Ouzeri Elian,9241,31.07,19:43:00,2014-01-09
Guy's Gyros,6816,29.96,19:52:00,2014-01-09
Hippokampos,2540,15.02,20:05:00,2014-01-09
Katerina's Cafe,4948,26.6,20:06:00,2014-01-09
Katerina's Cafe,3492,19.02,20:08:00,2014-01-09
Katerina's Cafe,6691,90.97,20:09:00,2014-01-09
Hippokampos,1877,70.68,20:15:00,2014-01-09
General Grocer,4795,285.34,20:19:00,2014-01-09
Katerina's Cafe,9405,91.14,20:20:00,2014-01-09
Frydos Autosupply n' More,6901,31.24,20:20:00,2014-01-09
Albert's Fine Clothing,7117,224.52,20:21:00,2014-01-09
Frydos Autosupply n' More,1321,120.65,20:21:00,2014-01-09
Katerina's Cafe,8202,29.82,20:22:00,2014-01-09
Guy's Gyros,7889,8.23,20:23:00,2014-01-09
Guy's Gyros,1286,18.26,20:24:00,2014-01-09
Katerina's Cafe,5407,53.78,20:27:00,2014-01-09
Guy's Gyros,7253,23.34,20:29:00,2014-01-09
Katerina's Cafe,2418,30.69,20:38:00,2014-01-09
Guy's Gyros,5368,8.23,20:38:00,2014-01-09
Guy's Gyros,7384,35.05,20:39:00,2014-01-09
Hippokampos,2463,9.13,20:41:00,2014-01-09
Frydos Autosupply n' More,3853,276.75,20:45:00,2014-01-09
Hippokampos,6895,24.96,21:01:00,2014-01-09
Guy's Gyros,4434,31.31,21:09:00,2014-01-09
Hippokampos,8156,23.66,21:12:00,2014-01-09
Shoppers' Delight,2681,258.43,21:13:00,2014-01-09
Katerina's Cafe,1310,8.57,21:18:00,2014-01-09
Albert's Fine Clothing,8332,229.98,21:27:00,2014-01-09
Hippokampos,9635,10.12,21:38:00,2014-01-09
Hallowed Grounds,8129,16.75,07:34:00,2014-01-10
Brew've Been Served,6816,15.85,07:35:00,2014-01-10
Coffee Cameleon,7253,8.51,07:40:00,2014-01-10
Hallowed Grounds,1874,12.03,07:41:00,2014-01-10
Hallowed Grounds,9617,8.34,07:41:00,2014-01-10
Hallowed Grounds,1310,11.49,07:41:00,2014-01-10
Brew've Been Served,3484,5.01,07:45:00,2014-01-10
Hallowed Grounds,3492,11.38,07:45:00,2014-01-10
Hallowed Grounds,2681,17.63,07:46:00,2014-01-10
Brew've Been Served,4948,44.88,07:47:00,2014-01-10
Coffee Cameleon,5921,11.54,07:47:00,2014-01-10
Brew've Been Served,9405,13.32,07:48:00,2014-01-10
Hallowed Grounds,7889,10.34,07:49:00,2014-01-10
Brew've Been Served,9683,89.93,07:49:00,2014-01-10
Hallowed Grounds,7108,10.76,07:50:00,2014-01-10
Brew've Been Served,5407,12.77,07:51:00,2014-01-10
Brew've Been Served,7384,83.44,07:54:00,2014-01-10
Coffee Cameleon,2418,9.69,07:54:00,2014-01-10
Brew've Been Served,5368,85.91,07:55:00,2014-01-10
Brew've Been Served,4795,97.25,07:56:00,2014-01-10
Brew've Been Served,7354,90.72,07:56:00,2014-01-10
Abila Airport,9614,4039.36,07:59:00,2014-01-10
Brew've Been Served,1286,5.89,08:01:00,2014-01-10
Brew've Been Served,6901,5.31,08:01:00,2014-01-10
Hallowed Grounds,6691,9.34,08:06:00,2014-01-10
Brew've Been Served,3853,14.45,08:09:00,2014-01-10
Brew've Been Served,7819,3.03,08:09:00,2014-01-10
Coffee Cameleon,2142,13.25,08:11:00,2014-01-10
Brew've Been Served,8202,8.47,08:17:00,2014-01-10
Brew've Been Served,4434,12.64,08:17:00,2014-01-10
Brew've Been Served,8411,14.36,08:20:00,2014-01-10
Carlyle Chemical Inc.,9614,227.81,09:09:00,2014-01-10
Kronos Mart,7688,203.91,09:30:00,2014-01-10
Nationwide Refinery,9735,1552.82,10:00:00,2014-01-10
Nationwide Refinery,9614,2302.73,10:40:00,2014-01-10
Stewart and Sons Fabrication,9735,4074.1,11:49:00,2014-01-10
Bean There Done That,1415,15.39,12:00:00,2014-01-10
Bean There Done That,9635,3.92,12:00:00,2014-01-10
Brewed Awakenings,7688,13.82,12:00:00,2014-01-10
Jack's Magical Beans,6899,15.69,12:00:00,2014-01-10
Brewed Awakenings,2540,6.17,12:00:00,2014-01-10
Bean There Done That,1877,13.41,12:00:00,2014-01-10
Brewed Awakenings,8332,13.9,12:00:00,2014-01-10
Bean There Done That,1321,18.67,12:00:00,2014-01-10
Bean There Done That,6895,9.3,12:00:00,2014-01-10
Jack's Magical Beans,9241,16.29,12:00:00,2014-01-10
Jack's Magical Beans,8156,5.46,12:00:00,2014-01-10
Jack's Magical Beans,2463,8.22,12:00:00,2014-01-10
Stewart and Sons Fabrication,9614,4195.49,12:10:00,2014-01-10
Chostus Hotel,9683,133.25,13:08:00,2014-01-10
Chostus Hotel,2540,197.41,13:11:00,2014-01-10
Guy's Gyros,8156,36.44,13:12:00,2014-01-10
Ouzeri Elian,9551,30.71,13:16:00,2014-01-10
Hippokampos,4795,79.26,13:20:00,2014-01-10
Guy's Gyros,6816,26.76,13:25:00,2014-01-10
Guy's Gyros,7253,15.93,13:27:00,2014-01-10
Abila Zacharo,6899,113.33,13:29:00,2014-01-10
Katerina's Cafe,7688,34.76,13:30:00,2014-01-10
Kalami Kafenion,3484,35.69,13:30:00,2014-01-10
Gelatogalore,1415,26.15,13:35:00,2014-01-10
Ouzeri Elian,3853,35.24,13:35:00,2014-01-10
Kalami Kafenion,9241,101.5,13:35:00,2014-01-10
Abila Zacharo,1310,36.73,13:36:00,2014-01-10
Katerina's Cafe,7354,25.36,13:36:00,2014-01-10
Guy's Gyros,7384,26.68,13:38:00,2014-01-10
Katerina's Cafe,2418,21.22,13:38:00,2014-01-10
Hippokampos,2463,32.01,13:40:00,2014-01-10
Guy's Gyros,8411,38.15,13:44:00,2014-01-10
Ouzeri Elian,9405,20.46,13:44:00,2014-01-10
Kalami Kafenion,5407,27.48,13:45:00,2014-01-10
Abila Zacharo,2681,31.34,13:46:00,2014-01-10
Guy's Gyros,9635,31.5,13:47:00,2014-01-10
Katerina's Cafe,6895,25.62,13:47:00,2014-01-10
Katerina's Cafe,2142,24.33,13:47:00,2014-01-10
Ouzeri Elian,1877,15.25,13:50:00,2014-01-10
Guy's Gyros,1321,31.05,13:52:00,2014-01-10
Kalami Kafenion,4434,24.3,13:53:00,2014-01-10
Guy's Gyros,8129,16.34,13:57:00,2014-01-10
Ouzeri Elian,5368,24.74,13:57:00,2014-01-10
Hippokampos,6901,39.89,13:58:00,2014-01-10
Abila Zacharo,1874,8.22,13:59:00,2014-01-10
Abila Zacharo,3492,16.12,14:01:00,2014-01-10
Abila Zacharo,7819,36.38,14:03:00,2014-01-10
Hippokampos,7117,11.61,14:07:00,2014-01-10
Ouzeri Elian,9617,30.93,14:07:00,2014-01-10
Katerina's Cafe,7108,77.62,14:08:00,2014-01-10
Abila Zacharo,6691,9.32,14:09:00,2014-01-10
Gelatogalore,8202,32.19,14:11:00,2014-01-10
Hippokampos,4948,10.16,14:20:00,2014-01-10
Octavio's Office Supplies,4795,139.72,14:41:00,2014-01-10
Octavio's Office Supplies,7253,64.51,16:07:00,2014-01-10
Ouzeri Elian,6899,19.92,18:52:00,2014-01-10
Frydos Autosupply n' More,7889,98.39,18:57:00,2014-01-10
Guy's Gyros,6816,23.61,19:45:00,2014-01-10
Hippokampos,1415,48.22,19:46:00,2014-01-10
Katerina's Cafe,8129,19.57,19:50:00,2014-01-10
Guy's Gyros,4795,27.78,19:54:00,2014-01-10
Hippokampos,7117,19.88,19:56:00,2014-01-10
Katerina's Cafe,5921,21.89,19:56:00,2014-01-10
Frydos Autosupply n' More,8202,43.65,20:02:00,2014-01-10
Katerina's Cafe,9405,15.76,20:08:00,2014-01-10
Hippokampos,7688,70.48,20:09:00,2014-01-10
Katerina's Cafe,8411,8.14,20:09:00,2014-01-10
Guy's Gyros,6901,29.81,20:09:00,2014-01-10
Albert's Fine Clothing,6895,126.13,20:11:00,2014-01-10
Frydos Autosupply n' More,7384,237.08,20:15:00,2014-01-10
Shoppers' Delight,7819,279.53,20:17:00,2014-01-10
Guy's Gyros,7108,35.54,20:20:00,2014-01-10
Guy's Gyros,3853,37.37,20:23:00,2014-01-10
Katerina's Cafe,5407,21.28,20:42:00,2014-01-10
Hippokampos,8332,17.21,20:50:00,2014-01-10
Roberts and Sons,7354,241.2,21:11:00,2014-01-10
Guy's Gyros,5368,25.81,21:13:00,2014-01-10
Hippokampos,8156,27.0,21:17:00,2014-01-10
General Grocer,4434,227.28,21:28:00,2014-01-10
Hippokampos,2463,79.97,22:21:00,2014-01-10
Katerina's Cafe,8156,45.22,13:19:00,2014-01-11
Katerina's Cafe,2418,45.21,13:23:00,2014-01-11
Katerina's Cafe,6895,29.1,13:32:00,2014-01-11
Abila Zacharo,1310,54.82,13:32:00,2014-01-11
Abila Zacharo,2540,89.54,13:33:00,2014-01-11
Gelatogalore,9617,17.31,13:35:00,2014-01-11
Hippokampos,4434,103.38,13:36:00,2014-01-11
Hippokampos,9551,75.62,13:37:00,2014-01-11
Hippokampos,6691,82.23,13:37:00,2014-01-11
Ouzeri Elian,8129,19.11,13:40:00,2014-01-11
Katerina's Cafe,3484,71.65,13:43:00,2014-01-11
Hippokampos,7688,31.1,13:47:00,2014-01-11
Katerina's Cafe,1321,23.45,13:50:00,2014-01-11
Abila Zacharo,7253,32.02,13:51:00,2014-01-11
Gelatogalore,3853,18.74,13:59:00,2014-01-11
Kalami Kafenion,7117,35.66,14:09:00,2014-01-11
Kalami Kafenion,7108,39.36,14:16:00,2014-01-11
Katerina's Cafe,2142,26.02,14:17:00,2014-01-11
Abila Zacharo,6901,45.2,14:19:00,2014-01-11
Shoppers' Delight,9617,157.45,15:15:00,2014-01-11
Shoppers' Delight,2418,238.52,15:20:00,2014-01-11
General Grocer,8129,78.02,15:31:00,2014-01-11
Roberts and Sons,1310,256.24,16:00:00,2014-01-11
Albert's Fine Clothing,4434,211.47,16:01:00,2014-01-11
Frydos Autosupply n' More,7688,52.73,16:09:00,2014-01-11
Ahaggo Museum,4795,89.32,16:24:00,2014-01-11
Ahaggo Museum,9683,52.14,17:16:00,2014-01-11
Katerina's Cafe,9617,55.67,19:08:00,2014-01-11
Kalami Kafenion,7819,23.86,19:17:00,2014-01-11
Ouzeri Elian,6899,69.36,19:21:00,2014-01-11
Hippokampos,7688,66.21,19:26:00,2014-01-11
Albert's Fine Clothing,8156,105.33,19:27:00,2014-01-11
Hippokampos,9683,32.63,19:27:00,2014-01-11
Hippokampos,4795,63.21,19:29:00,2014-01-11
Katerina's Cafe,2142,33.18,19:31:00,2014-01-11
Katerina's Cafe,6691,20.71,19:32:00,2014-01-11
Hippokampos,1877,11.13,19:33:00,2014-01-11
Guy's Gyros,6816,55.36,19:34:00,2014-01-11
Katerina's Cafe,2540,57.36,19:40:00,2014-01-11
Shoppers' Delight,9551,149.2,19:44:00,2014-01-11
Hippokampos,8332,63.21,19:45:00,2014-01-11
Katerina's Cafe,7889,12.55,19:50:00,2014-01-11
Katerina's Cafe,1310,45.68,19:51:00,2014-01-11
Katerina's Cafe,8411,15.72,19:52:00,2014-01-11
Hippokampos,9635,67.37,19:53:00,2014-01-11
Guy's Gyros,5368,36.2,19:57:00,2014-01-11
Katerina's Cafe,4948,25.76,20:00:00,2014-01-11
Kalami Kafenion,1286,50.2,20:04:00,2014-01-11
Ouzeri Elian,2681,16.69,20:04:00,2014-01-11
Katerina's Cafe,8202,52.45,20:06:00,2014-01-11
Guy's Gyros,7384,33.65,20:06:00,2014-01-11
Guy's Gyros,7354,16.33,20:09:00,2014-01-11
Frydos Autosupply n' More,5407,211.15,20:13:00,2014-01-11
Katerina's Cafe,9405,9.78,20:13:00,2014-01-11
Frydos Autosupply n' More,8129,236.25,20:22:00,2014-01-11
Hippokampos,1415,70.23,20:23:00,2014-01-11
Katerina's Cafe,2418,94.68,20:24:00,2014-01-11
Frydos Autosupply n' More,6901,261.0,20:26:00,2014-01-11
Hippokampos,7117,69.8,20:27:00,2014-01-11
Kalami Kafenion,7108,46.78,20:30:00,2014-01-11
Katerina's Cafe,1874,57.6,20:46:00,2014-01-11
Kronos Mart,8156,277.26,03:39:00,2014-01-12
Ouzeri Elian,8332,38.55,13:03:00,2014-01-12
Ouzeri Elian,5407,98.45,13:17:00,2014-01-12
Hippokampos,2142,12.55,13:25:00,2014-01-12
Ouzeri Elian,7819,24.72,13:28:00,2014-01-12
Ouzeri Elian,1310,72.32,13:30:00,2014-01-12
Guy's Gyros,6901,34.74,13:31:00,2014-01-12
Ouzeri Elian,8156,117.22,13:32:00,2014-01-12
Hippokampos,7117,29.2,13:35:00,2014-01-12
Gelatogalore,1286,20.09,13:40:00,2014-01-12
Abila Zacharo,9683,11.2,13:45:00,2014-01-12
Desafio Golf Course,2463,129.33,13:45:00,2014-01-12
Kalami Kafenion,2540,54.36,13:52:00,2014-01-12
Hippokampos,7889,8.54,13:54:00,2014-01-12
Kalami Kafenion,3492,14.59,13:55:00,2014-01-12
Hippokampos,1874,12.57,14:04:00,2014-01-12
Hippokampos,9551,71.99,14:06:00,2014-01-12
Desafio Golf Course,7688,220.77,14:13:00,2014-01-12
Desafio Golf Course,8332,198.46,14:14:00,2014-01-12
Guy's Gyros,8129,30.47,14:16:00,2014-01-12
Shoppers' Delight,1310,135.78,15:10:00,2014-01-12
Shoppers' Delight,1286,86.22,15:24:00,2014-01-12
Shoppers' Delight,7819,204.37,15:32:00,2014-01-12
General Grocer,7117,159.3,15:46:00,2014-01-12
Albert's Fine Clothing,2142,195.81,15:49:00,2014-01-12
Shoppers' Delight,3547,51.5,16:08:00,2014-01-12
Ahaggo Museum,6901,120.2,16:27:00,2014-01-12
Katerina's Cafe,7889,12.64,19:18:00,2014-01-12
Katerina's Cafe,7253,11.81,19:21:00,2014-01-12
Hippokampos,1321,27.15,19:22:00,2014-01-12
Guy's Gyros,7108,42.32,19:26:00,2014-01-12
Shoppers' Delight,7384,211.03,19:26:00,2014-01-12
Hippokampos,1415,66.63,19:29:00,2014-01-12
Guy's Gyros,3853,34.41,19:32:00,2014-01-12
Hippokampos,6895,49.23,19:35:00,2014-01-12
Guy's Gyros,7354,12.32,19:36:00,2014-01-12
Katerina's Cafe,5407,40.94,19:43:00,2014-01-12
Hippokampos,8332,26.79,19:44:00,2014-01-12
Katerina's Cafe,3492,17.36,19:47:00,2014-01-12
Gelatogalore,1286,36.2,19:50:00,2014-01-12
Hippokampos,8156,52.21,19:51:00,2014-01-12
Frydos Autosupply n' More,5368,88.93,19:52:00,2014-01-12
Albert's Fine Clothing,1877,63.36,19:58:00,2014-01-12
Ouzeri Elian,6899,55.55,19:59:00,2014-01-12
Katerina's Cafe,8129,39.3,20:04:00,2014-01-12
Hippokampos,9635,78.21,20:05:00,2014-01-12
Katerina's Cafe,3547,67.14,20:11:00,2014-01-12
Katerina's Cafe,9405,15.37,20:12:00,2014-01-12
Katerina's Cafe,2142,39.55,20:13:00,2014-01-12
Hippokampos,2540,69.41,20:15:00,2014-01-12
Katerina's Cafe,8411,16.34,20:17:00,2014-01-12
Katerina's Cafe,4948,40.25,20:35:00,2014-01-12
Hippokampos,7688,63.32,20:38:00,2014-01-12
Frydos Autosupply n' More,8202,161.96,20:43:00,2014-01-12
Katerina's Cafe,1874,87.09,20:48:00,2014-01-12
Kronos Mart,5407,147.3,03:00:00,2014-01-13
Daily Dealz,9551,2.01,06:04:00,2014-01-13
Hallowed Grounds,7889,9.16,07:32:00,2014-01-13
Brew've Been Served,5368,16.39,07:36:00,2014-01-13
Brew've Been Served,7384,8.04,07:38:00,2014-01-13
Coffee Cameleon,3547,19.93,07:40:00,2014-01-13
Brew've Been Served,9683,8.0,07:40:00,2014-01-13
Hallowed Grounds,1310,3.02,07:42:00,2014-01-13
Brew've Been Served,6816,24.18,07:43:00,2014-01-13
Hallowed Grounds,3492,13.68,07:43:00,2014-01-13
Brew've Been Served,4795,18.71,07:43:00,2014-01-13
Hallowed Grounds,9405,5.85,07:44:00,2014-01-13
Brew've Been Served,7354,19.64,07:53:00,2014-01-13
Hallowed Grounds,7108,19.18,07:54:00,2014-01-13
Coffee Cameleon,2418,17.49,07:55:00,2014-01-13
Brew've Been Served,5407,6.08,07:55:00,2014-01-13
Brew've Been Served,4948,9.53,07:56:00,2014-01-13
Brew've Been Served,3484,78.23,07:57:00,2014-01-13
Hallowed Grounds,6691,6.32,07:57:00,2014-01-13
Brew've Been Served,8411,13.37,08:00:00,2014-01-13
Kronos Mart,6816,159.06,08:01:00,2014-01-13
Coffee Cameleon,7253,4.88,08:02:00,2014-01-13
Brew've Been Served,4434,16.05,08:04:00,2014-01-13
Hallowed Grounds,2681,55.96,08:06:00,2014-01-13
Brew've Been Served,1286,11.49,08:07:00,2014-01-13
Coffee Cameleon,2142,17.76,08:12:00,2014-01-13
Abila Airport,9220,3617.47,08:15:00,2014-01-13
Brew've Been Served,6901,13.19,08:21:00,2014-01-13
Brew've Been Served,7819,6.69,08:22:00,2014-01-13
Brew've Been Served,8202,19.89,08:23:00,2014-01-13
Kronos Pipe and Irrigation,9220,2892.74,08:58:00,2014-01-13
Nationwide Refinery,9735,204.58,10:12:00,2014-01-13
Maximum Iron and Steel,9220,689.85,10:20:00,2014-01-13
Coffee Shack,7117,4.09,12:00:00,2014-01-13
Bean There Done That,1415,7.93,12:00:00,2014-01-13
Bean There Done That,9635,98.02,12:00:00,2014-01-13
Brewed Awakenings,7688,12.69,12:00:00,2014-01-13
Jack's Magical Beans,6899,18.31,12:00:00,2014-01-13
Brewed Awakenings,2540,56.4,12:00:00,2014-01-13
Bean There Done That,1877,19.56,12:00:00,2014-01-13
Brewed Awakenings,8332,16.25,12:00:00,2014-01-13
Bean There Done That,1321,5.54,12:00:00,2014-01-13
Bean There Done That,1874,10.37,12:00:00,2014-01-13
Bean There Done That,9617,15.24,12:00:00,2014-01-13
Bean There Done That,6895,18.59,12:00:00,2014-01-13
Carlyle Chemical Inc.,9220,1718.96,12:00:00,2014-01-13
Jack's Magical Beans,9241,5.22,12:00:00,2014-01-13
Jack's Magical Beans,8156,9.64,12:00:00,2014-01-13
Jack's Magical Beans,2463,17.52,12:00:00,2014-01-13
Abila Airport,8642,4417.03,12:11:00,2014-01-13
Hippokampos,4434,17.17,12:27:00,2014-01-13
Ouzeri Elian,9220,19.82,12:55:00,2014-01-13
Gelatogalore,8156,32.83,13:03:00,2014-01-13
U-Pump,9551,55.25,13:18:00,2014-01-13
Gelatogalore,8332,46.45,13:19:00,2014-01-13
Abila Zacharo,6816,79.95,13:20:00,2014-01-13
Abila Zacharo,1286,64.5,13:21:00,2014-01-13
Katerina's Cafe,2418,38.98,13:23:00,2014-01-13
Hippokampos,7253,35.73,13:24:00,2014-01-13
Abila Zacharo,9683,8.72,13:27:00,2014-01-13
Hippokampos,9551,30.51,13:28:00,2014-01-13
Guy's Gyros,2540,27.49,13:33:00,2014-01-13
Katerina's Cafe,6899,26.15,13:34:00,2014-01-13
Abila Zacharo,1321,27.3,13:34:00,2014-01-13
Hippokampos,7354,59.9,13:34:00,2014-01-13
Katerina's Cafe,9405,17.21,13:36:00,2014-01-13
Ouzeri Elian,4795,95.03,13:37:00,2014-01-13
Guy's Gyros,2142,37.37,13:39:00,2014-01-13
Katerina's Cafe,1874,8.29,13:40:00,2014-01-13
Guy's Gyros,2463,29.25,13:40:00,2014-01-13
Gelatogalore,1415,36.93,13:41:00,2014-01-13
Abila Zacharo,9635,11.99,13:42:00,2014-01-13
Abila Zacharo,3853,116.32,13:48:00,2014-01-13
Ouzeri Elian,1310,8.32,13:48:00,2014-01-13
Katerina's Cafe,3492,24.26,13:48:00,2014-01-13
Hippokampos,7384,91.97,13:50:00,2014-01-13
Abila Zacharo,7819,17.41,13:51:00,2014-01-13
Guy's Gyros,8411,21.03,13:51:00,2014-01-13
Katerina's Cafe,3547,29.55,13:52:00,2014-01-13
Kalami Kafenion,5368,20.33,13:55:00,2014-01-13
Guy's Gyros,7117,38.07,14:00:00,2014-01-13
Gelatogalore,8202,36.24,14:00:00,2014-01-13
Gelatogalore,2681,117.17,14:01:00,2014-01-13
Hippokampos,9617,25.09,14:04:00,2014-01-13
Ouzeri Elian,1877,29.75,14:06:00,2014-01-13
Guy's Gyros,6901,12.76,14:13:00,2014-01-13
Hippokampos,4948,26.96,14:21:00,2014-01-13
Guy's Gyros,8129,116.87,14:33:00,2014-01-13
Abila Airport,8642,2228.08,16:56:00,2014-01-13
Frydos Autosupply n' More,9551,10000.0,19:20:00,2014-01-13
Shoppers' Delight,3853,216.43,19:27:00,2014-01-13
Ouzeri Elian,9551,28.75,19:30:00,2014-01-13
Frydos Autosupply n' More,8129,188.57,19:41:00,2014-01-13
Katerina's Cafe,3547,89.83,19:50:00,2014-01-13
Frydos Autosupply n' More,8411,64.6,19:59:00,2014-01-13
Katerina's Cafe,6691,30.84,19:59:00,2014-01-13
Guy's Gyros,7354,22.34,20:09:00,2014-01-13
Guy's Gyros,4795,20.47,20:11:00,2014-01-13
Guy's Gyros,7384,36.89,20:15:00,2014-01-13
Guy's Gyros,7819,15.84,20:18:00,2014-01-13
Katerina's Cafe,2142,35.7,20:24:00,2014-01-13
Katerina's Cafe,1310,91.36,20:33:00,2014-01-13
Albert's Fine Clothing,7688,288.0,20:35:00,2014-01-13
Hippokampos,2463,29.22,20:35:00,2014-01-13
Hippokampos,1415,31.59,20:42:00,2014-01-13
Albert's Fine Clothing,1321,49.48,20:42:00,2014-01-13
Guy's Gyros,1286,88.57,20:42:00,2014-01-13
Ouzeri Elian,2681,21.83,20:43:00,2014-01-13
Katerina's Cafe,5407,93.57,20:44:00,2014-01-13
Guy's Gyros,9683,15.55,20:44:00,2014-01-13
Shoppers' Delight,6901,144.4,20:45:00,2014-01-13
Katerina's Cafe,7253,22.24,20:47:00,2014-01-13
Katerina's Cafe,7889,55.82,20:51:00,2014-01-13
Guy's Gyros,7108,37.5,20:59:00,2014-01-13
Katerina's Cafe,1874,27.59,21:00:00,2014-01-13
Guy's Gyros,5368,19.77,21:08:00,2014-01-13
Frydos Autosupply n' More,2418,202.05,21:11:00,2014-01-13
Hippokampos,8332,31.47,21:12:00,2014-01-13
Hippokampos,7117,32.29,21:13:00,2014-01-13
Katerina's Cafe,9405,33.11,21:16:00,2014-01-13
Hippokampos,8156,99.63,21:27:00,2014-01-13
Brew've Been Served,5368,14.67,07:27:00,2014-01-14
Brew've Been Served,4795,4.72,07:31:00,2014-01-14
Hallowed Grounds,7889,10.75,07:35:00,2014-01-14
Brew've Been Served,7354,7.31,07:35:00,2014-01-14
Coffee Cameleon,3547,9.8,07:37:00,2014-01-14
Brew've Been Served,9683,5.87,07:40:00,2014-01-14
Hallowed Grounds,1310,4.59,07:42:00,2014-01-14
Hallowed Grounds,8129,16.67,07:44:00,2014-01-14
Brew've Been Served,4948,14.04,07:45:00,2014-01-14
Hallowed Grounds,7108,13.0,07:45:00,2014-01-14
Brew've Been Served,3484,10.96,07:45:00,2014-01-14
Brew've Been Served,9405,16.53,07:45:00,2014-01-14
Brew've Been Served,3853,6.45,07:48:00,2014-01-14
Coffee Cameleon,2418,11.67,07:52:00,2014-01-14
Coffee Cameleon,7253,15.63,07:53:00,2014-01-14
Brew've Been Served,8202,9.53,07:53:00,2014-01-14
Brew've Been Served,7384,8.24,07:53:00,2014-01-14
Brew've Been Served,6816,3.66,07:53:00,2014-01-14
Hallowed Grounds,1874,19.99,07:54:00,2014-01-14
Hallowed Grounds,9617,50.21,07:54:00,2014-01-14
Coffee Cameleon,2142,7.84,07:56:00,2014-01-14
Brew've Been Served,7819,11.94,07:58:00,2014-01-14
Brew've Been Served,1286,3.21,08:03:00,2014-01-14
Brew've Been Served,5407,16.39,08:07:00,2014-01-14
Hallowed Grounds,3492,39.52,08:12:00,2014-01-14
Hallowed Grounds,2681,10.65,08:12:00,2014-01-14
Brew've Been Served,8411,11.53,08:13:00,2014-01-14
Brew've Been Served,6901,12.31,08:13:00,2014-01-14
Hallowed Grounds,6691,6.16,08:16:00,2014-01-14
Kronos Mart,6899,58.85,08:20:00,2014-01-14
Carlyle Chemical Inc.,7792,3630.57,09:34:00,2014-01-14
Nationwide Refinery,9735,965.72,10:03:00,2014-01-14
Stewart and Sons Fabrication,3506,600.19,11:01:00,2014-01-14
Nationwide Refinery,7792,570.95,11:45:00,2014-01-14
Stewart and Sons Fabrication,9735,278.52,11:55:00,2014-01-14
Coffee Shack,7117,3.63,12:00:00,2014-01-14
Bean There Done That,1415,7.28,12:00:00,2014-01-14
Bean There Done That,9635,19.37,12:00:00,2014-01-14
Brewed Awakenings,7688,17.14,12:00:00,2014-01-14
Brewed Awakenings,2540,8.3,12:00:00,2014-01-14
Bean There Done That,1877,14.56,12:00:00,2014-01-14
Brewed Awakenings,8332,11.35,12:00:00,2014-01-14
Bean There Done That,1321,67.82,12:00:00,2014-01-14
Bean There Done That,6895,5.9,12:00:00,2014-01-14
Jack's Magical Beans,9241,63.36,12:00:00,2014-01-14
Jack's Magical Beans,8156,95.7,12:00:00,2014-01-14
Abila Airport,8642,228.41,12:30:00,2014-01-14
Nationwide Refinery,3506,1341.01,13:00:00,2014-01-14
Abila Airport,2276,3379.21,13:06:00,2014-01-14
Katerina's Cafe,8156,29.12,13:14:00,2014-01-14
Hippokampos,7253,36.01,13:17:00,2014-01-14
Chostus Hotel,2540,109.54,13:17:00,2014-01-14
Katerina's Cafe,7792,34.45,13:21:00,2014-01-14
Chostus Hotel,9683,113.08,13:21:00,2014-01-14
Katerina's Cafe,6895,10.03,13:22:00,2014-01-14
Kalami Kafenion,9635,17.38,13:24:00,2014-01-14
Kalami Kafenion,8332,15.15,13:24:00,2014-01-14
Hippokampos,7688,23.69,13:25:00,2014-01-14
Gelatogalore,7384,27.26,13:32:00,2014-01-14
Gelatogalore,2142,32.82,13:32:00,2014-01-14
Katerina's Cafe,7354,20.95,13:32:00,2014-01-14
Gelatogalore,2463,39.17,13:33:00,2014-01-14
Katerina's Cafe,4795,29.1,13:34:00,2014-01-14
Abila Zacharo,8411,31.09,13:35:00,2014-01-14
Abila Zacharo,9405,15.26,13:35:00,2014-01-14
Guy's Gyros,1415,13.27,13:36:00,2014-01-14
Hippokampos,3853,19.07,13:37:00,2014-01-14
Abila Zacharo,1310,10.24,13:37:00,2014-01-14
Abila Zacharo,6816,8.41,13:38:00,2014-01-14
Ouzeri Elian,3484,107.32,13:40:00,2014-01-14
Kalami Kafenion,5407,33.13,13:40:00,2014-01-14
Ouzeri Elian,6899,79.58,13:41:00,2014-01-14
Katerina's Cafe,3547,75.46,13:41:00,2014-01-14
Hippokampos,7889,98.81,13:42:00,2014-01-14
Kalami Kafenion,3492,23.1,13:42:00,2014-01-14
Katerina's Cafe,6691,31.69,13:43:00,2014-01-14
Guy's Gyros,1874,16.35,13:44:00,2014-01-14
Gelatogalore,1877,70.98,13:49:00,2014-01-14
Guy's Gyros,9617,38.26,13:49:00,2014-01-14
Kalami Kafenion,4948,27.65,13:50:00,2014-01-14
Kalami Kafenion,1321,15.27,13:51:00,2014-01-14
Ouzeri Elian,7108,62.3,13:51:00,2014-01-14
Ouzeri Elian,2681,33.67,13:53:00,2014-01-14
Gelatogalore,5368,35.97,13:57:00,2014-01-14
Hippokampos,6901,17.18,13:57:00,2014-01-14
Katerina's Cafe,7819,33.54,13:58:00,2014-01-14
Guy's Gyros,1286,50.4,13:59:00,2014-01-14
Ouzeri Elian,7117,19.7,14:01:00,2014-01-14
Gelatogalore,8129,102.03,14:03:00,2014-01-14
Abila Zacharo,4434,24.87,14:03:00,2014-01-14
Abila Scrapyard,2276,4277.4,14:13:00,2014-01-14
Hippokampos,8202,16.73,14:16:00,2014-01-14
Carlyle Chemical Inc.,7792,854.88,14:21:00,2014-01-14
Abila Airport,8642,4918.39,15:32:00,2014-01-14
Octavio's Office Supplies,6816,131.73,15:49:00,2014-01-14
Carlyle Chemical Inc.,7792,3470.99,16:16:00,2014-01-14
Nationwide Refinery,2276,4429.76,16:28:00,2014-01-14
Hippokampos,1415,39.64,19:44:00,2014-01-14
Guy's Gyros,7108,94.26,19:59:00,2014-01-14
Guy's Gyros,4795,23.59,20:01:00,2014-01-14
Albert's Fine Clothing,3484,50.77,20:05:00,2014-01-14
Katerina's Cafe,7889,91.8,20:09:00,2014-01-14
Katerina's Cafe,8129,27.67,20:15:00,2014-01-14
Guy's Gyros,6816,18.11,20:15:00,2014-01-14
Guy's Gyros,5368,35.12,20:17:00,2014-01-14
Katerina's Cafe,3547,36.95,20:17:00,2014-01-14
Guy's Gyros,7384,12.96,20:19:00,2014-01-14
Katerina's Cafe,5407,31.94,20:19:00,2014-01-14
Hippokampos,2463,9.55,20:22:00,2014-01-14
Guy's Gyros,3853,10.85,20:25:00,2014-01-14
Katerina's Cafe,1874,12.65,20:26:00,2014-01-14
Guy's Gyros,7819,25.28,20:29:00,2014-01-14
Ouzeri Elian,6899,11.86,20:32:00,2014-01-14
Frydos Autosupply n' More,4434,42.72,20:33:00,2014-01-14
Katerina's Cafe,3492,11.89,20:34:00,2014-01-14
Ouzeri Elian,9241,24.06,20:41:00,2014-01-14
Katerina's Cafe,8202,46.61,20:42:00,2014-01-14
Frydos Autosupply n' More,6901,146.74,20:43:00,2014-01-14
Ouzeri Elian,2681,80.95,20:46:00,2014-01-14
Hippokampos,8332,43.56,20:48:00,2014-01-14
Albert's Fine Clothing,9635,228.72,20:50:00,2014-01-14
Katerina's Cafe,8411,25.4,20:50:00,2014-01-14
Hippokampos,6895,28.45,21:04:00,2014-01-14
Katerina's Cafe,9617,18.35,21:10:00,2014-01-14
Roberts and Sons,9405,223.81,21:14:00,2014-01-14
Frydos Autosupply n' More,4948,49.21,21:28:00,2014-01-14
Hippokampos,2540,22.13,21:31:00,2014-01-14
Guy's Gyros,7354,26.14,21:31:00,2014-01-14
Hallowed Grounds,7889,11.98,07:33:00,2014-01-15
Brew've Been Served,7384,3.71,07:34:00,2014-01-15
Hallowed Grounds,9617,5.28,07:36:00,2014-01-15
Brew've Been Served,6816,15.5,07:36:00,2014-01-15
Hallowed Grounds,8129,5.95,07:39:00,2014-01-15
Brew've Been Served,9683,19.87,07:40:00,2014-01-15
Hallowed Grounds,7108,12.17,07:44:00,2014-01-15
Coffee Cameleon,2142,19.93,07:45:00,2014-01-15
Brew've Been Served,9405,11.47,07:45:00,2014-01-15
Brew've Been Served,7819,6.58,07:48:00,2014-01-15
Brew've Been Served,1286,11.23,07:49:00,2014-01-15
Brew've Been Served,7354,19.24,07:50:00,2014-01-15
Coffee Cameleon,3547,14.47,07:51:00,2014-01-15
Hallowed Grounds,6691,78.69,07:51:00,2014-01-15
Coffee Cameleon,7253,5.49,07:56:00,2014-01-15
Brew've Been Served,4795,4.92,07:57:00,2014-01-15
Brew've Been Served,4948,3.14,07:58:00,2014-01-15
Brew've Been Served,8411,5.75,07:58:00,2014-01-15
Brew've Been Served,3484,14.06,07:58:00,2014-01-15
Hallowed Grounds,3492,14.33,07:59:00,2014-01-15
Brew've Been Served,5368,8.42,08:00:00,2014-01-15
Hallowed Grounds,1310,15.27,08:00:00,2014-01-15
Brew've Been Served,4434,49.7,08:01:00,2014-01-15
Brew've Been Served,3853,15.58,08:02:00,2014-01-15
Coffee Cameleon,2418,56.31,08:05:00,2014-01-15
Brew've Been Served,5407,12.39,08:05:00,2014-01-15
Brew've Been Served,8202,3.47,08:06:00,2014-01-15
Hallowed Grounds,2681,14.39,08:13:00,2014-01-15
Brew've Been Served,6901,18.58,08:14:00,2014-01-15
Carlyle Chemical Inc.,7792,3608.08,09:34:00,2014-01-15
Nationwide Refinery,9152,1903.77,10:00:00,2014-01-15
Nationwide Refinery,9735,1391.24,10:14:00,2014-01-15
Stewart and Sons Fabrication,9152,4545.38,11:18:00,2014-01-15
Stewart and Sons Fabrication,9735,4740.68,11:44:00,2014-01-15
Nationwide Refinery,7792,3004.98,11:55:00,2014-01-15
Bean There Done That,9635,5.34,12:00:00,2014-01-15
Jack's Magical Beans,6899,11.15,12:00:00,2014-01-15
Brewed Awakenings,2540,91.62,12:00:00,2014-01-15
Bean There Done That,1877,93.13,12:00:00,2014-01-15
Brewed Awakenings,8332,3.62,12:00:00,2014-01-15
Bean There Done That,1321,18.96,12:00:00,2014-01-15
Bean There Done That,6895,15.24,12:00:00,2014-01-15
Jack's Magical Beans,9241,5.3,12:00:00,2014-01-15
Jack's Magical Beans,8156,84.06,12:00:00,2014-01-15
Jack's Magical Beans,2463,19.54,12:00:00,2014-01-15
Abila Airport,8642,3152.41,12:25:00,2014-01-15
Kalami Kafenion,8156,22.39,13:08:00,2014-01-15
Ouzeri Elian,7253,8.93,13:10:00,2014-01-15
Hippokampos,8332,36.7,13:12:00,2014-01-15
Hippokampos,9683,118.89,13:12:00,2014-01-15
Katerina's Cafe,7792,24.15,13:13:00,2014-01-15
Katerina's Cafe,2418,88.56,13:17:00,2014-01-15
Guy's Gyros,1415,14.37,13:22:00,2014-01-15
Abila Zacharo,7889,31.0,13:22:00,2014-01-15
Ouzeri Elian,3484,12.9,13:22:00,2014-01-15
Hippokampos,6899,13.0,13:24:00,2014-01-15
Abila Zacharo,7688,23.51,13:26:00,2014-01-15
Katerina's Cafe,1286,55.6,13:27:00,2014-01-15
Ouzeri Elian,1321,36.47,13:31:00,2014-01-15
Kalami Kafenion,1874,26.17,13:35:00,2014-01-15
Kalami Kafenion,8411,37.15,13:36:00,2014-01-15
Kalami Kafenion,5407,38.5,13:37:00,2014-01-15
Hippokampos,9405,8.75,13:39:00,2014-01-15
Gelatogalore,2463,9.61,13:39:00,2014-01-15
Ouzeri Elian,5368,25.7,13:40:00,2014-01-15
Hippokampos,2540,82.61,13:41:00,2014-01-15
Guy's Gyros,7354,49.34,13:41:00,2014-01-15
Hippokampos,1877,32.4,13:42:00,2014-01-15
Ouzeri Elian,7108,22.86,13:42:00,2014-01-15
Guy's Gyros,2142,15.89,13:44:00,2014-01-15
Abila Zacharo,9635,88.83,13:45:00,2014-01-15
Kalami Kafenion,6895,47.86,13:45:00,2014-01-15
Guy's Gyros,6691,12.19,13:45:00,2014-01-15
Gelatogalore,7117,24.96,13:46:00,2014-01-15
Guy's Gyros,8202,16.58,13:46:00,2014-01-15
Abila Zacharo,7384,20.44,13:47:00,2014-01-15
Ouzeri Elian,8129,26.61,13:51:00,2014-01-15
Gelatogalore,3853,31.21,13:55:00,2014-01-15
Gelatogalore,7819,39.4,13:58:00,2014-01-15
Abila Zacharo,3547,33.8,13:58:00,2014-01-15
Gelatogalore,2681,42.36,13:59:00,2014-01-15
Guy's Gyros,9617,25.58,14:00:00,2014-01-15
Katerina's Cafe,1310,12.12,14:00:00,2014-01-15
Hippokampos,4434,118.23,14:02:00,2014-01-15
Abila Zacharo,3492,24.53,14:02:00,2014-01-15
Abila Zacharo,4948,46.82,14:04:00,2014-01-15
Kronos Pipe and Irrigation,4530,2564.0,14:12:00,2014-01-15
Kalami Kafenion,6901,28.82,14:13:00,2014-01-15
Carlyle Chemical Inc.,7792,1112.04,14:25:00,2014-01-15
Maximum Iron and Steel,4530,4788.22,15:11:00,2014-01-15
Abila Airport,8642,875.87,15:40:00,2014-01-15
Carlyle Chemical Inc.,7792,1392.73,17:01:00,2014-01-15
Ouzeri Elian,9241,28.86,19:18:00,2014-01-15
Katerina's Cafe,3492,39.23,19:50:00,2014-01-15
Frydos Autosupply n' More,2540,18.91,19:52:00,2014-01-15
Guy's Gyros,3484,98.04,19:53:00,2014-01-15
Hippokampos,1415,13.02,19:55:00,2014-01-15
Guy's Gyros,4434,31.04,19:55:00,2014-01-15
General Grocer,7819,126.2,19:56:00,2014-01-15
Katerina's Cafe,8129,25.08,19:59:00,2014-01-15
Katerina's Cafe,2142,29.84,20:00:00,2014-01-15
Guy's Gyros,7354,28.75,20:02:00,2014-01-15
Frydos Autosupply n' More,9683,235.27,20:04:00,2014-01-15
Katerina's Cafe,9617,11.45,20:05:00,2014-01-15
Guy's Gyros,5368,44.91,20:06:00,2014-01-15
Guy's Gyros,6816,36.35,20:08:00,2014-01-15
Hippokampos,9635,35.12,20:10:00,2014-01-15
Shoppers' Delight,8332,162.0,20:10:00,2014-01-15
Hippokampos,7688,11.8,20:16:00,2014-01-15
Katerina's Cafe,8411,29.33,20:17:00,2014-01-15
Hippokampos,1321,10.35,20:23:00,2014-01-15
Katerina's Cafe,1310,39.63,20:23:00,2014-01-15
Hippokampos,1877,16.37,20:24:00,2014-01-15
Katerina's Cafe,8202,61.61,20:26:00,2014-01-15
Ouzeri Elian,6899,23.18,20:29:00,2014-01-15
Katerina's Cafe,2418,29.66,20:29:00,2014-01-15
Frydos Autosupply n' More,1874,18.66,20:33:00,2014-01-15
Albert's Fine Clothing,7117,228.15,20:46:00,2014-01-15
Frydos Autosupply n' More,4948,276.88,20:57:00,2014-01-15
Guy's Gyros,3853,61.43,20:59:00,2014-01-15
Katerina's Cafe,7253,13.77,21:05:00,2014-01-15
Guy's Gyros,1286,27.01,21:05:00,2014-01-15
Ouzeri Elian,2681,8.57,21:05:00,2014-01-15
Hippokampos,6895,101.14,21:08:00,2014-01-15
Katerina's Cafe,3547,27.48,21:21:00,2014-01-15
Hippokampos,8156,37.16,21:42:00,2014-01-15
Kronos Mart,7108,298.83,07:30:00,2014-01-16
Brew've Been Served,5368,25.05,07:33:00,2014-01-16
Brew've Been Served,7354,8.18,07:34:00,2014-01-16
Brew've Been Served,3484,19.9,07:36:00,2014-01-16
Coffee Cameleon,3547,67.19,07:38:00,2014-01-16
Hallowed Grounds,7889,13.84,07:44:00,2014-01-16
Hallowed Grounds,7108,18.2,07:44:00,2014-01-16
Hallowed Grounds,3492,17.74,07:44:00,2014-01-16
Hallowed Grounds,8129,17.92,07:45:00,2014-01-16
Brew've Been Served,7384,7.31,07:50:00,2014-01-16
Hallowed Grounds,9617,44.98,07:51:00,2014-01-16
Hallowed Grounds,1310,9.6,07:51:00,2014-01-16
Brew've Been Served,1286,12.67,07:52:00,2014-01-16
Brew've Been Served,4795,4.7,07:53:00,2014-01-16
Brew've Been Served,4948,83.84,07:54:00,2014-01-16
Hallowed Grounds,1874,7.22,07:54:00,2014-01-16
Brew've Been Served,6816,12.83,07:55:00,2014-01-16
Brew've Been Served,9683,4.33,07:56:00,2014-01-16
Brew've Been Served,3853,5.82,08:02:00,2014-01-16
Coffee Cameleon,2418,63.14,08:03:00,2014-01-16
Hallowed Grounds,9405,72.61,08:03:00,2014-01-16
Brew've Been Served,6901,16.67,08:03:00,2014-01-16
Hallowed Grounds,9551,12.19,08:05:00,2014-01-16
Hallowed Grounds,6691,18.23,08:07:00,2014-01-16
Brew've Been Served,8202,90.33,08:08:00,2014-01-16
Brew've Been Served,4434,17.44,08:09:00,2014-01-16
Hallowed Grounds,2681,4.6,08:09:00,2014-01-16
Brew've Been Served,7819,16.9,08:19:00,2014-01-16
Brew've Been Served,8411,11.21,08:23:00,2014-01-16
Abila Airport,3506,1676.53,09:18:00,2014-01-16
Carlyle Chemical Inc.,7792,419.93,09:52:00,2014-01-16
Nationwide Refinery,9735,1494.44,10:16:00,2014-01-16
Stewart and Sons Fabrication,3506,940.3,11:06:00,2014-01-16
Nationwide Refinery,7792,4742.67,11:25:00,2014-01-16
Stewart and Sons Fabrication,9735,4543.31,11:45:00,2014-01-16
Coffee Shack,7117,10.48,12:00:00,2014-01-16
Bean There Done That,1415,19.82,12:00:00,2014-01-16
Bean There Done That,9635,12.33,12:00:00,2014-01-16
Brewed Awakenings,7688,17.91,12:00:00,2014-01-16
Jack's Magical Beans,6899,9.12,12:00:00,2014-01-16
Brewed Awakenings,2540,6.53,12:00:00,2014-01-16
Bean There Done That,1877,5.56,12:00:00,2014-01-16
Brewed Awakenings,8332,6.39,12:00:00,2014-01-16
Bean There Done That,1321,98.34,12:00:00,2014-01-16
Bean There Done That,6895,17.4,12:00:00,2014-01-16
Jack's Magical Beans,9241,14.86,12:00:00,2014-01-16
Jack's Magical Beans,8156,12.56,12:00:00,2014-01-16
Jack's Magical Beans,2463,6.95,12:00:00,2014-01-16
Nationwide Refinery,3506,2047.28,12:32:00,2014-01-16
Abila Airport,8642,3917.3,12:40:00,2014-01-16
Katerina's Cafe,9683,11.08,13:17:00,2014-01-16
Katerina's Cafe,7688,27.82,13:19:00,2014-01-16
Hippokampos,8332,17.66,13:19:00,2014-01-16
Abila Zacharo,1286,64.71,13:22:00,2014-01-16
Abila Airport,2276,3138.98,13:22:00,2014-01-16
Hippokampos,8156,26.15,13:22:00,2014-01-16
Guy's Gyros,7889,31.48,13:23:00,2014-01-16
Katerina's Cafe,7792,34.9,13:23:00,2014-01-16
Hippokampos,6899,36.17,13:26:00,2014-01-16
Katerina's Cafe,3484,34.02,13:27:00,2014-01-16
Katerina's Cafe,5407,39.74,13:27:00,2014-01-16
Abila Zacharo,3547,31.31,13:27:00,2014-01-16
Guy's Gyros,9551,10.27,13:28:00,2014-01-16
Hippokampos,7253,16.53,13:30:00,2014-01-16
Hippokampos,2540,10.38,13:30:00,2014-01-16
Gelatogalore,2463,12.33,13:33:00,2014-01-16
Hippokampos,6691,13.05,13:35:00,2014-01-16
Hippokampos,1415,31.14,13:36:00,2014-01-16
Gelatogalore,9405,22.19,13:37:00,2014-01-16
Abila Zacharo,4795,69.27,13:39:00,2014-01-16
Guy's Gyros,7819,29.7,13:42:00,2014-01-16
Hippokampos,1321,14.89,13:43:00,2014-01-16
Katerina's Cafe,5368,38.32,13:43:00,2014-01-16
Guy's Gyros,6816,13.48,13:44:00,2014-01-16
Hippokampos,7354,18.18,13:44:00,2014-01-16
Ouzeri Elian,3853,12.47,13:45:00,2014-01-16
Kalami Kafenion,8202,9.27,13:45:00,2014-01-16
Ouzeri Elian,2142,18.27,13:45:00,2014-01-16
Abila Zacharo,7108,36.02,13:47:00,2014-01-16
Kalami Kafenion,9635,91.38,13:48:00,2014-01-16
Abila Zacharo,4948,24.38,13:48:00,2014-01-16
Gelatogalore,1874,32.4,13:48:00,2014-01-16
Hippokampos,9617,29.93,13:48:00,2014-01-16
Kalami Kafenion,3492,11.83,13:48:00,2014-01-16
Kalami Kafenion,7384,8.86,13:49:00,2014-01-16
Hippokampos,1310,8.07,13:54:00,2014-01-16
Hippokampos,8411,30.02,13:55:00,2014-01-16
Abila Zacharo,6901,8.43,13:55:00,2014-01-16
Ouzeri Elian,2418,8.52,14:00:00,2014-01-16
Ouzeri Elian,7117,8.47,14:01:00,2014-01-16
Guy's Gyros,1877,32.8,14:05:00,2014-01-16
Octavio's Office Supplies,5368,131.01,15:58:00,2014-01-16
Abila Scrapyard,2276,1897.05,16:56:00,2014-01-16
Gelatogalore,4434,10.62,17:07:00,2014-01-16
Carlyle Chemical Inc.,7792,1814.24,17:17:00,2014-01-16
Katerina's Cafe,8411,93.68,18:49:00,2014-01-16
Guy's Gyros,7384,25.57,19:04:00,2014-01-16
Guy's Gyros,3484,8.31,19:09:00,2014-01-16
Katerina's Cafe,7889,10.93,19:39:00,2014-01-16
Guy's Gyros,4795,37.8,19:40:00,2014-01-16
Frydos Autosupply n' More,1874,53.37,19:45:00,2014-01-16
Katerina's Cafe,3547,34.34,19:47:00,2014-01-16
Katerina's Cafe,5407,69.3,20:05:00,2014-01-16
Albert's Fine Clothing,7117,283.38,20:08:00,2014-01-16
Katerina's Cafe,8129,18.79,20:09:00,2014-01-16
Guy's Gyros,6901,28.27,20:09:00,2014-01-16
Hippokampos,1321,29.13,20:13:00,2014-01-16
Guy's Gyros,9683,111.31,20:14:00,2014-01-16
Guy's Gyros,3853,25.78,20:17:00,2014-01-16
Guy's Gyros,6816,30.76,20:17:00,2014-01-16
Katerina's Cafe,9617,13.91,20:23:00,2014-01-16
Ouzeri Elian,6899,23.89,20:25:00,2014-01-16
Albert's Fine Clothing,7819,91.71,20:25:00,2014-01-16
Katerina's Cafe,2418,35.43,20:25:00,2014-01-16
Roberts and Sons,4434,155.76,20:25:00,2014-01-16
Ouzeri Elian,2681,22.65,20:25:00,2014-01-16
Ouzeri Elian,9551,9.91,20:28:00,2014-01-16
Katerina's Cafe,9405,30.84,20:28:00,2014-01-16
Guy's Gyros,7108,11.31,20:35:00,2014-01-16
Katerina's Cafe,2142,19.44,20:36:00,2014-01-16
Katerina's Cafe,8202,30.56,20:39:00,2014-01-16
Hippokampos,6895,114.0,20:42:00,2014-01-16
Hippokampos,2463,27.74,20:43:00,2014-01-16
Shoppers' Delight,1877,160.69,20:45:00,2014-01-16
Shoppers' Delight,1286,16.84,20:50:00,2014-01-16
Katerina's Cafe,3492,34.58,20:51:00,2014-01-16
Roberts and Sons,7354,240.66,20:52:00,2014-01-16
Frydos Autosupply n' More,4948,130.01,20:54:00,2014-01-16
Hippokampos,8332,12.47,20:58:00,2014-01-16
Hippokampos,7688,20.84,21:13:00,2014-01-16
Ouzeri Elian,9241,29.99,21:16:00,2014-01-16
Brew've Been Served,7384,52.56,07:29:00,2014-01-17
Hallowed Grounds,1310,3.25,07:31:00,2014-01-17
Hallowed Grounds,7889,14.58,07:33:00,2014-01-17
Brew've Been Served,5368,11.69,07:36:00,2014-01-17
Coffee Cameleon,3547,10.27,07:38:00,2014-01-17
Hallowed Grounds,9617,15.98,07:39:00,2014-01-17
Hallowed Grounds,8129,10.52,07:41:00,2014-01-17
Brew've Been Served,4948,8.07,07:50:00,2014-01-17
Coffee Cameleon,7253,6.81,07:51:00,2014-01-17
Hallowed Grounds,1874,18.6,07:52:00,2014-01-17
Coffee Cameleon,6816,9.16,07:52:00,2014-01-17
Hallowed Grounds,5010,9.72,07:56:00,2014-01-17
Brew've Been Served,7354,10.52,07:57:00,2014-01-17
Hallowed Grounds,6691,5.52,07:59:00,2014-01-17
Brew've Been Served,4795,19.39,07:59:00,2014-01-17
Brew've Been Served,3484,13.66,08:03:00,2014-01-17
Hallowed Grounds,3492,38.22,08:03:00,2014-01-17
Hallowed Grounds,9551,9.4,08:04:00,2014-01-17
Brew've Been Served,9405,16.62,08:04:00,2014-01-17
Coffee Cameleon,2418,7.49,08:07:00,2014-01-17
Kronos Mart,1415,286.24,08:08:00,2014-01-17
Brew've Been Served,8202,9.3,08:09:00,2014-01-17
Brew've Been Served,5407,18.15,08:12:00,2014-01-17
Hallowed Grounds,2681,6.39,08:12:00,2014-01-17
Coffee Cameleon,4434,14.99,08:13:00,2014-01-17
Brew've Been Served,3853,3.09,08:15:00,2014-01-17
Brew've Been Served,6901,5.29,08:17:00,2014-01-17
Brew've Been Served,8411,14.58,08:19:00,2014-01-17
Brew've Been Served,7819,15.46,08:22:00,2014-01-17
Brew've Been Served,1286,51.04,08:23:00,2014-01-17
Stewart and Sons Fabrication,9735,1753.17,11:32:00,2014-01-17
Coffee Shack,7117,19.16,12:00:00,2014-01-17
Bean There Done That,1415,19.67,12:00:00,2014-01-17
Bean There Done That,9635,8.21,12:00:00,2014-01-17
Brewed Awakenings,7688,8.16,12:00:00,2014-01-17
Jack's Magical Beans,6899,7.57,12:00:00,2014-01-17
Brewed Awakenings,2540,88.69,12:00:00,2014-01-17
Bean There Done That,1877,19.56,12:00:00,2014-01-17
Brewed Awakenings,8332,6.0,12:00:00,2014-01-17
Bean There Done That,1321,18.72,12:00:00,2014-01-17
Bean There Done That,6895,5.77,12:00:00,2014-01-17
Jack's Magical Beans,9241,19.11,12:00:00,2014-01-17
Abila Zacharo,8332,68.78,13:11:00,2014-01-17
Kalami Kafenion,7253,140.78,13:16:00,2014-01-17
Hippokampos,2418,38.21,13:16:00,2014-01-17
Gelatogalore,8156,15.84,13:17:00,2014-01-17
Guy's Gyros,7688,8.64,13:18:00,2014-01-17
Guy's Gyros,3484,22.18,13:21:00,2014-01-17
Hippokampos,4795,14.57,13:27:00,2014-01-17
Abila Zacharo,5010,15.95,13:28:00,2014-01-17
Hippokampos,6816,15.77,13:31:00,2014-01-17
Gelatogalore,9635,23.23,13:33:00,2014-01-17
Kalami Kafenion,2463,105.32,13:37:00,2014-01-17
Ouzeri Elian,1415,14.01,13:38:00,2014-01-17
Guy's Gyros,3853,39.14,13:38:00,2014-01-17
Hippokampos,1286,52.31,13:38:00,2014-01-17
Kalami Kafenion,5407,39.43,13:38:00,2014-01-17
Kalami Kafenion,9405,27.7,13:39:00,2014-01-17
Gelatogalore,1310,37.3,13:40:00,2014-01-17
Abila Zacharo,2142,14.51,13:41:00,2014-01-17
Katerina's Cafe,3547,21.01,13:42:00,2014-01-17
Abila Zacharo,7354,79.67,13:45:00,2014-01-17
Gelatogalore,2681,18.1,13:47:00,2014-01-17
Katerina's Cafe,1321,13.11,13:48:00,2014-01-17
Chostus Hotel,9683,114.22,13:49:00,2014-01-17
Kalami Kafenion,1874,20.02,13:51:00,2014-01-17
Gelatogalore,7819,34.59,13:51:00,2014-01-17
Hippokampos,9617,108.35,13:52:00,2014-01-17
Kalami Kafenion,8411,24.21,13:53:00,2014-01-17
Katerina's Cafe,4434,35.52,13:53:00,2014-01-17
Chostus Hotel,2540,159.62,13:54:00,2014-01-17
Guy's Gyros,6901,32.31,13:55:00,2014-01-17
Gelatogalore,3492,21.62,13:57:00,2014-01-17
Hippokampos,1877,21.81,13:58:00,2014-01-17
Kalami Kafenion,7108,27.73,13:58:00,2014-01-17
Guy's Gyros,8202,15.12,14:00:00,2014-01-17
Guy's Gyros,7117,21.1,14:05:00,2014-01-17
Abila Zacharo,5368,51.95,14:06:00,2014-01-17
Katerina's Cafe,4948,70.72,14:15:00,2014-01-17
Ouzeri Elian,8129,26.1,14:32:00,2014-01-17
Katerina's Cafe,3492,22.18,19:24:00,2014-01-17
Guy's Gyros,6816,19.68,19:29:00,2014-01-17
Hippokampos,7117,19.76,19:40:00,2014-01-17
Ouzeri Elian,6899,38.6,19:40:00,2014-01-17
Albert's Fine Clothing,1321,1239.41,19:44:00,2014-01-17
Guy's Gyros,6901,16.83,19:46:00,2014-01-17
Guy's Gyros,4795,35.1,19:53:00,2014-01-17
Katerina's Cafe,8129,34.93,19:57:00,2014-01-17
Frydos Autosupply n' More,4948,124.52,19:57:00,2014-01-17
Hippokampos,2540,8.92,20:03:00,2014-01-17
Shoppers' Delight,7384,155.01,20:05:00,2014-01-17
Katerina's Cafe,1310,21.22,20:07:00,2014-01-17
Ouzeri Elian,9241,70.21,20:07:00,2014-01-17
Guy's Gyros,3484,37.55,20:16:00,2014-01-17
Katerina's Cafe,8202,36.12,20:19:00,2014-01-17
Katerina's Cafe,7253,19.09,20:20:00,2014-01-17
Guy's Gyros,7819,8.31,20:21:00,2014-01-17
Shoppers' Delight,1286,289.33,20:21:00,2014-01-17
Guy's Gyros,3853,8.54,20:24:00,2014-01-17
Katerina's Cafe,7889,72.13,20:24:00,2014-01-17
Ouzeri Elian,9551,35.81,20:28:00,2014-01-17
Ouzeri Elian,2681,26.4,20:35:00,2014-01-17
General Grocer,7108,98.03,20:41:00,2014-01-17
Frydos Autosupply n' More,7354,260.08,20:41:00,2014-01-17
Hippokampos,7688,11.93,20:54:00,2014-01-17
Katerina's Cafe,2142,38.21,20:58:00,2014-01-17
Guy's Gyros,9683,29.71,20:59:00,2014-01-17
Katerina's Cafe,5407,33.73,21:05:00,2014-01-17
Katerina's Cafe,9405,27.49,21:06:00,2014-01-17
Guy's Gyros,4434,55.4,21:07:00,2014-01-17
Frydos Autosupply n' More,5368,67.29,21:15:00,2014-01-17
Hippokampos,2463,38.19,21:29:00,2014-01-17
Hippokampos,9635,12.86,21:58:00,2014-01-17
Chostus Hotel,5010,600.0,12:03:00,2014-01-18
Abila Zacharo,8156,111.93,13:04:00,2014-01-18
Abila Zacharo,2540,25.59,13:05:00,2014-01-18
Katerina's Cafe,6691,34.54,13:15:00,2014-01-18
Ouzeri Elian,6895,33.57,13:18:00,2014-01-18
Kalami Kafenion,5368,30.12,13:19:00,2014-01-18
Hippokampos,1877,100.11,13:21:00,2014-01-18
Abila Zacharo,7253,18.45,13:25:00,2014-01-18
Guy's Gyros,7384,55.21,13:27:00,2014-01-18
Guy's Gyros,1874,27.4,13:28:00,2014-01-18
Kalami Kafenion,2463,38.91,13:28:00,2014-01-18
Abila Zacharo,9551,16.59,13:32:00,2014-01-18
Katerina's Cafe,3484,19.3,13:34:00,2014-01-18
Ouzeri Elian,3547,25.75,13:34:00,2014-01-18
Kalami Kafenion,1321,24.14,13:58:00,2014-01-18
Gelatogalore,2681,84.38,13:58:00,2014-01-18
Katerina's Cafe,8411,37.26,14:00:00,2014-01-18
Kalami Kafenion,8202,42.73,14:02:00,2014-01-18
Katerina's Cafe,7688,96.36,14:03:00,2014-01-18
Guy's Gyros,9617,47.89,14:05:00,2014-01-18
Katerina's Cafe,7819,24.14,14:06:00,2014-01-18
Kalami Kafenion,6901,53.36,14:17:00,2014-01-18
Ahaggo Museum,1286,55.55,14:51:00,2014-01-18
Ahaggo Museum,7384,120.2,14:55:00,2014-01-18
Albert's Fine Clothing,6895,35.66,15:20:00,2014-01-18
Frydos Autosupply n' More,5368,103.41,15:31:00,2014-01-18
General Grocer,3547,477.6,15:31:00,2014-01-18
Frydos Autosupply n' More,1874,361.54,15:32:00,2014-01-18
Shoppers' Delight,8156,258.33,15:40:00,2014-01-18
Roberts and Sons,7253,62.47,15:41:00,2014-01-18
Frydos Autosupply n' More,1877,103.55,15:51:00,2014-01-18
Frydos Autosupply n' More,2463,120.67,15:53:00,2014-01-18
Albert's Fine Clothing,6691,189.52,15:57:00,2014-01-18
Frank's Fuel,9635,52.66,18:39:00,2014-01-18
Frydos Autosupply n' More,5407,234.53,18:51:00,2014-01-18
Albert's Fine Clothing,8156,226.49,18:59:00,2014-01-18
Guy's Gyros,3484,39.68,19:08:00,2014-01-18
Katerina's Cafe,8129,21.63,19:17:00,2014-01-18
Roberts and Sons,9617,266.69,19:20:00,2014-01-18
Ouzeri Elian,6899,57.63,19:21:00,2014-01-18
Hippokampos,1321,21.34,19:21:00,2014-01-18
Guy's Gyros,5368,28.07,19:21:00,2014-01-18
Ouzeri Elian,9551,61.56,19:26:00,2014-01-18
Katerina's Cafe,7889,8.14,19:30:00,2014-01-18
Katerina's Cafe,1874,22.74,19:31:00,2014-01-18
Katerina's Cafe,4434,33.41,19:32:00,2014-01-18
Hippokampos,6895,27.21,19:35:00,2014-01-18
Katerina's Cafe,6691,35.79,19:36:00,2014-01-18
Abila Zacharo,4795,21.29,19:36:00,2014-01-18
Hippokampos,2463,53.21,19:36:00,2014-01-18
Kalami Kafenion,9635,71.14,19:39:00,2014-01-18
Guy's Gyros,6816,78.36,19:39:00,2014-01-18
Hippokampos,8332,63.21,19:42:00,2014-01-18
Roberts and Sons,7688,125.35,19:46:00,2014-01-18
Katerina's Cafe,8202,11.19,19:46:00,2014-01-18
Ouzeri Elian,2681,14.9,19:46:00,2014-01-18
Katerina's Cafe,4948,16.48,19:47:00,2014-01-18
Katerina's Cafe,3547,76.1,19:53:00,2014-01-18
Katerina's Cafe,1310,33.63,19:54:00,2014-01-18
Katerina's Cafe,2418,32.68,19:56:00,2014-01-18
Hippokampos,1286,49.21,20:01:00,2014-01-18
Katerina's Cafe,9405,17.37,20:01:00,2014-01-18
Katerina's Cafe,8411,45.88,20:04:00,2014-01-18
General Grocer,6901,108.49,20:07:00,2014-01-18
Katerina's Cafe,7354,19.31,20:09:00,2014-01-18
Hippokampos,1415,72.5,20:11:00,2014-01-18
Katerina's Cafe,3853,9.72,20:13:00,2014-01-18
Katerina's Cafe,7819,37.21,20:15:00,2014-01-18
Hippokampos,1877,29.21,20:23:00,2014-01-18
Hippokampos,7117,55.03,20:26:00,2014-01-18
Kronos Mart,3484,87.66,03:13:00,2014-01-19
Kronos Mart,9551,194.51,03:45:00,2014-01-19
Kronos Mart,8332,150.36,03:48:00,2014-01-19
Desafio Golf Course,8156,150.07,12:41:00,2014-01-19
Desafio Golf Course,7688,145.72,12:57:00,2014-01-19
Katerina's Cafe,7354,35.01,13:00:00,2014-01-19
Gelatogalore,6895,22.36,13:09:00,2014-01-19
Katerina's Cafe,4795,70.22,13:23:00,2014-01-19
Ahaggo Museum,9241,26.91,13:26:00,2014-01-19
Ouzeri Elian,3484,23.65,13:27:00,2014-01-19
Hippokampos,2142,64.37,13:33:00,2014-01-19
Desafio Golf Course,8332,190.91,13:51:00,2014-01-19
Katerina's Cafe,4434,26.76,13:53:00,2014-01-19
Katerina's Cafe,1310,12.78,14:01:00,2014-01-19
Ouzeri Elian,7384,45.32,14:08:00,2014-01-19
Katerina's Cafe,3492,54.2,14:20:00,2014-01-19
Abila Zacharo,6901,47.8,14:20:00,2014-01-19
General Grocer,6895,70.22,15:03:00,2014-01-19
Desafio Golf Course,2463,110.02,15:15:00,2014-01-19
Frydos Autosupply n' More,3484,56.09,15:26:00,2014-01-19
Albert's Fine Clothing,2142,274.66,15:39:00,2014-01-19
Desafio Golf Course,5010,148.22,15:46:00,2014-01-19
Frydos Autosupply n' More,4795,209.76,15:53:00,2014-01-19
Katerina's Cafe,3547,72.25,18:54:00,2014-01-19
Hippokampos,9635,101.25,19:43:00,2014-01-19
Hippokampos,8332,48.23,19:43:00,2014-01-19
Hippokampos,1321,88.27,19:44:00,2014-01-19
Hippokampos,6895,46.32,19:44:00,2014-01-19
Guy's Gyros,7384,65.21,19:45:00,2014-01-19
Guy's Gyros,1286,23.21,19:45:00,2014-01-19
Guy's Gyros,3484,58.35,19:45:00,2014-01-19
Frydos Autosupply n' More,9405,98.04,19:45:00,2014-01-19
Guy's Gyros,5010,25.79,19:45:00,2014-01-19
Ouzeri Elian,6899,67.98,19:48:00,2014-01-19
Ouzeri Elian,9551,32.77,19:49:00,2014-01-19
Guy's Gyros,6816,100.36,19:49:00,2014-01-19
Katerina's Cafe,7889,34.03,19:53:00,2014-01-19
Shoppers' Delight,2142,30.39,19:56:00,2014-01-19
Hippokampos,2463,63.17,19:56:00,2014-01-19
Guy's Gyros,7354,18.08,20:00:00,2014-01-19
Albert's Fine Clothing,2540,254.29,20:02:00,2014-01-19
Katerina's Cafe,1874,33.79,20:05:00,2014-01-19
Guy's Gyros,7108,36.87,20:14:00,2014-01-19
Hippokampos,1415,78.96,20:16:00,2014-01-19
Guy's Gyros,9683,37.48,20:16:00,2014-01-19
Katerina's Cafe,9617,38.9,20:22:00,2014-01-19
Guy's Gyros,3853,20.94,20:25:00,2014-01-19
Guy's Gyros,4434,31.94,20:30:00,2014-01-19
Guy's Gyros,6901,39.6,20:51:00,2014-01-19
