last4ccnum,location,price,timestamp
4795,Brew've Been Served,11.34,01/06/2014 07:28
7108,Hallowed Grounds,52.22,01/06/2014 07:34
6816,Brew've Been Served,8.33,01/06/2014 07:35
9617,Hallowed Grounds,16.72,01/06/2014 07:36
7384,Brew've Been Served,4.24,01/06/2014 07:37
5368,Brew've Been Served,4.17,01/06/2014 07:38
7253,Coffee Cameleon,28.73,01/06/2014 07:42
4948,Brew've Been Served,9.6,01/06/2014 07:43
9683,Brew've Been Served,16.9,01/06/2014 07:43
8129,Hallowed Grounds,16.53,01/06/2014 07:47
3492,Hallowed Grounds,10.66,01/06/2014 07:48
5921,Coffee Cameleon,8.39,01/06/2014 07:49
9405,Brew've Been Served,32.83,01/06/2014 07:52
7889,Hallowed Grounds,16.88,01/06/2014 07:54
2142,Coffee Cameleon,11.86,01/06/2014 07:54
2681,Hallowed Grounds,32.93,01/06/2014 07:54
9551,Hallowed Grounds,8.05,01/06/2014 07:55
3484,Brew've Been Served,3.67,01/06/2014 07:55
7819,Brew've Been Served,8.88,01/06/2014 07:59
5407,Brew've Been Served,4.27,01/06/2014 08:00
6691,Hallowed Grounds,9.69,01/06/2014 08:00
1874,Hallowed Grounds,10.07,01/06/2014 08:01
3853,Brew've Been Served,18.24,01/06/2014 08:06
4434,Brew've Been Served,15.58,01/06/2014 08:06
6901,Brew've Been Served,5.66,01/06/2014 08:07
2418,Coffee Cameleon,3.2,01/06/2014 08:14
1286,Brew've Been Served,14.97,01/06/2014 08:16
8411,Brew've Been Served,11.2,01/06/2014 08:16
8202,Brew've Been Served,15.39,01/06/2014 08:17
9220,Abila Airport,4540.08,01/06/2014 08:23
9220,Kronos Pipe and Irrigation,242.21,01/06/2014 09:06
9735,Nationwide Refinery,761.64,01/06/2014 10:02
9220,Maximum Iron and Steel,2859.51,01/06/2014 10:18
9735,Stewart and Sons Fabrication,2144.62,01/06/2014 11:33
9220,Carlyle Chemical Inc.,3959.66,01/06/2014 11:57
7117,Coffee Shack,51.51,01/06/2014 12:00
1415,Bean There Done That,10.28,01/06/2014 12:00
9635,Bean There Done That,16.09,01/06/2014 12:00
7688,Brewed Awakenings,5.72,01/06/2014 12:00
6899,Jack's Magical Beans,11.03,01/06/2014 12:00
2540,Brewed Awakenings,16.89,01/06/2014 12:00
1877,Bean There Done That,8.54,01/06/2014 12:00
8332,Brewed Awakenings,4.35,01/06/2014 12:00
1321,Bean There Done That,5.24,01/06/2014 12:00
6895,Bean There Done That,4.27,01/06/2014 12:00
9241,Jack's Magical Beans,18.59,01/06/2014 12:00
8156,Jack's Magical Beans,27.84,01/06/2014 12:00
2463,Jack's Magical Beans,18.1,01/06/2014 12:00
8642,Abila Airport,1873.79,01/06/2014 12:16
8332,Katerina's Cafe,13.68,01/06/2014 12:56
8156,Hippokampos,9.16,01/06/2014 12:57
2418,Abila Zacharo,106.93,01/06/2014 13:18
7253,Gelatogalore,12.74,01/06/2014 13:19
3484,Kalami Kafenion,70.1,01/06/2014 13:19
6691,Hippokampos,34.03,01/06/2014 13:20
9551,Hippokampos,28.23,01/06/2014 13:21
2540,Ouzeri Elian,38.9,01/06/2014 13:22
4795,Hippokampos,13.26,01/06/2014 13:23
1415,Guy's Gyros,15.44,01/06/2014 13:24
7688,Abila Zacharo,30.08,01/06/2014 13:27
1286,Abila Zacharo,50.14,01/06/2014 13:27
8411,Katerina's Cafe,33.54,01/06/2014 13:28
5407,Kalami Kafenion,8.64,01/06/2014 13:28
7384,Guy's Gyros,16.92,01/06/2014 13:30
2681,Hippokampos,36.54,01/06/2014 13:35
7354,Abila Zacharo,92.05,01/06/2014 13:35
6816,Ouzeri Elian,20.56,01/06/2014 13:37
1310,Guy's Gyros,11.22,01/06/2014 13:39
7889,Gelatogalore,22.64,01/06/2014 13:41
6895,Ouzeri Elian,20.4,01/06/2014 13:42
9635,Guy's Gyros,30.82,01/06/2014 13:46
6899,Katerina's Cafe,18.56,01/06/2014 13:46
2463,Guy's Gyros,99.67,01/06/2014 13:46
1321,Kalami Kafenion,22.13,01/06/2014 13:47
5368,Ouzeri Elian,20.74,01/06/2014 13:48
5921,Ouzeri Elian,30.87,01/06/2014 13:48
1874,Katerina's Cafe,13.59,01/06/2014 13:50
9617,Katerina's Cafe,32.64,01/06/2014 13:50
4434,Kalami Kafenion,22.31,01/06/2014 13:52
3492,Gelatogalore,36.33,01/06/2014 13:52
2142,Katerina's Cafe,36.95,01/06/2014 13:53
9405,Abila Zacharo,23.15,01/06/2014 13:54
1877,Hippokampos,8.64,01/06/2014 13:57
8202,Hippokampos,38.25,01/06/2014 13:58
3853,Katerina's Cafe,39.41,01/06/2014 13:59
7117,Kalami Kafenion,13.08,01/06/2014 14:00
7819,Gelatogalore,23.41,01/06/2014 14:00
4948,Hippokampos,30.88,01/06/2014 14:04
7108,Abila Zacharo,78.11,01/06/2014 14:05
8129,Kalami Kafenion,27.4,01/06/2014 14:15
6901,Katerina's Cafe,19.65,01/06/2014 14:17
9220,Abila Airport,777.06,01/06/2014 15:14
8642,Abila Airport,612.47,01/06/2014 15:39
3484,U-Pump,59.51,01/06/2014 17:28
8411,Katerina's Cafe,78.65,01/06/2014 18:56
8129,Katerina's Cafe,26.46,01/06/2014 19:08
7384,Guy's Gyros,39.29,01/06/2014 19:18
9241,Frydos Autosupply n' More,273.87,01/06/2014 19:50
7253,Katerina's Cafe,23.63,01/06/2014 20:07
1874,Katerina's Cafe,12.32,01/06/2014 20:08
6901,Guy's Gyros,11.94,01/06/2014 20:09
8202,Frydos Autosupply n' More,80.85,01/06/2014 20:12
3484,Guy's Gyros,22.57,01/06/2014 20:13
6816,Guy's Gyros,117.82,01/06/2014 20:15
5368,Frydos Autosupply n' More,175.87,01/06/2014 20:15
2418,Katerina's Cafe,21.66,01/06/2014 20:19
1321,Hippokampos,35.34,01/06/2014 20:20
7819,Guy's Gyros,28.94,01/06/2014 20:24
9551,Albert's Fine Clothing,276.9,01/06/2014 20:26
7108,Guy's Gyros,95.29,01/06/2014 20:28
6895,Hippokampos,85.5,01/06/2014 20:29
9405,Katerina's Cafe,17.92,01/06/2014 20:29
6691,Katerina's Cafe,28,01/06/2014 20:30
5921,Katerina's Cafe,15.52,01/06/2014 20:33
1877,Hippokampos,26.8,01/06/2014 20:36
7117,Hippokampos,24.41,01/06/2014 20:46
1415,Hippokampos,21.33,01/06/2014 20:46
5407,Frydos Autosupply n' More,149.3,01/06/2014 20:47
7354,Shoppers' Delight,293.67,01/06/2014 20:49
7688,Hippokampos,17.27,01/06/2014 20:52
3492,Katerina's Cafe,26.1,01/06/2014 20:59
9617,Katerina's Cafe,10.72,01/06/2014 21:03
4434,Albert's Fine Clothing,121.76,01/06/2014 21:03
8156,Hippokampos,28.14,01/06/2014 21:11
4948,Katerina's Cafe,26.51,01/06/2014 21:12
2142,Frydos Autosupply n' More,197.32,01/06/2014 21:23
1310,Frydos Autosupply n' More,314.98,01/06/2014 21:32
8332,Hippokampos,20.61,01/06/2014 21:52
7384,Brew've Been Served,5.08,01/07/2014 07:27
5368,Brew've Been Served,12.74,01/07/2014 07:31
4795,Brew've Been Served,7.09,01/07/2014 07:33
7889,Hallowed Grounds,14.05,01/07/2014 07:35
8129,Hallowed Grounds,8.91,01/07/2014 07:37
1874,Hallowed Grounds,19.59,01/07/2014 07:41
6816,Brew've Been Served,19.6,01/07/2014 07:45
9551,Hallowed Grounds,84.44,01/07/2014 07:46
5921,Coffee Cameleon,9.1,01/07/2014 07:46
1310,Hallowed Grounds,7.88,01/07/2014 07:47
7108,Hallowed Grounds,18.97,01/07/2014 07:48
7253,Coffee Cameleon,27.66,01/07/2014 07:49
5407,Brew've Been Served,4.39,01/07/2014 07:50
3492,Hallowed Grounds,9.61,01/07/2014 07:50
4434,Brew've Been Served,3,01/07/2014 07:52
1286,Brew've Been Served,11.92,01/07/2014 07:54
3484,Brew've Been Served,69.06,01/07/2014 07:55
9683,Brew've Been Served,98.53,01/07/2014 07:56
6691,Hallowed Grounds,10.33,01/07/2014 07:57
8202,Brew've Been Served,17.4,01/07/2014 07:58
4948,Brew've Been Served,11.91,01/07/2014 08:00
2142,Coffee Cameleon,11.55,01/07/2014 08:00
2418,Coffee Cameleon,52.44,01/07/2014 08:01
9617,Hallowed Grounds,9.92,01/07/2014 08:01
2681,Hallowed Grounds,68.42,01/07/2014 08:01
9405,Brew've Been Served,14.49,01/07/2014 08:02
7819,Brew've Been Served,3.03,01/07/2014 08:06
8411,Brew've Been Served,15.66,01/07/2014 08:09
6901,Brew've Been Served,47.74,01/07/2014 08:18
3506,Abila Airport,3840.37,01/07/2014 09:17
3506,Stewart and Sons Fabrication,1200.9,01/07/2014 10:05
9735,Nationwide Refinery,1347.36,01/07/2014 10:11
9735,Stewart and Sons Fabrication,1843.33,01/07/2014 11:31
7792,Nationwide Refinery,1562.66,01/07/2014 11:39
7117,Coffee Shack,16.63,01/07/2014 12:00
1415,Bean There Done That,51.25,01/07/2014 12:00
7688,Brewed Awakenings,12.17,01/07/2014 12:00
6899,Jack's Magical Beans,23.68,01/07/2014 12:00
3853,Brewed Awakenings,64.84,01/07/2014 12:00
2540,Brewed Awakenings,71.59,01/07/2014 12:00
1877,Bean There Done That,53.89,01/07/2014 12:00
8332,Brewed Awakenings,6.72,01/07/2014 12:00
1321,Bean There Done That,8.03,01/07/2014 12:00
6895,Bean There Done That,46.25,01/07/2014 12:00
9241,Jack's Magical Beans,18.77,01/07/2014 12:00
8156,Jack's Magical Beans,19.61,01/07/2014 12:00
2463,Jack's Magical Beans,69.84,01/07/2014 12:00
3506,Nationwide Refinery,1071.04,01/07/2014 12:02
8642,Abila Airport,124.89,01/07/2014 12:29
7792,Katerina's Cafe,59.07,01/07/2014 13:08
8156,Guy's Gyros,29.57,01/07/2014 13:13
1415,Abila Zacharo,13.52,01/07/2014 13:20
8332,Gelatogalore,35.06,01/07/2014 13:20
7354,Guy's Gyros,38.56,01/07/2014 13:20
1286,Kalami Kafenion,45.05,01/07/2014 13:24
5407,Kalami Kafenion,11.64,01/07/2014 13:24
6899,Abila Zacharo,82.25,01/07/2014 13:25
2142,Ouzeri Elian,29.1,01/07/2014 13:29
1310,Gelatogalore,51.64,01/07/2014 13:30
4948,Ouzeri Elian,28.37,01/07/2014 13:32
7688,Abila Zacharo,52.72,01/07/2014 13:33
7253,Gelatogalore,34.04,01/07/2014 13:33
7889,Katerina's Cafe,22.27,01/07/2014 13:33
6816,Guy's Gyros,11.31,01/07/2014 13:33
4795,Kalami Kafenion,18.06,01/07/2014 13:33
6895,Ouzeri Elian,64.84,01/07/2014 13:34
2463,Gelatogalore,8.98,01/07/2014 13:35
9551,Gelatogalore,21.52,01/07/2014 13:37
9405,Gelatogalore,17.21,01/07/2014 13:39
3484,Katerina's Cafe,51.41,01/07/2014 13:41
9683,Abila Zacharo,17.81,01/07/2014 13:41
5368,Ouzeri Elian,97.71,01/07/2014 13:42
2418,Abila Zacharo,32.4,01/07/2014 13:44
1877,Kalami Kafenion,22.83,01/07/2014 13:45
9635,Guy's Gyros,10.11,01/07/2014 13:46
7108,Kalami Kafenion,22.14,01/07/2014 13:46
2681,Gelatogalore,36.5,01/07/2014 13:49
8411,Ouzeri Elian,21.85,01/07/2014 13:50
1874,Gelatogalore,71.77,01/07/2014 13:52
3853,Hippokampos,51.69,01/07/2014 13:53
5921,Gelatogalore,88.97,01/07/2014 13:54
7819,Abila Zacharo,65.9,01/07/2014 13:55
1321,Ouzeri Elian,16.2,01/07/2014 13:56
8202,Katerina's Cafe,37.44,01/07/2014 13:57
6691,Gelatogalore,15.4,01/07/2014 13:57
3492,Hippokampos,76.11,01/07/2014 14:00
4434,Katerina's Cafe,10.9,01/07/2014 14:07
9617,Guy's Gyros,12.57,01/07/2014 14:09
6901,Ouzeri Elian,59.51,01/07/2014 14:09
8129,Hippokampos,37.57,01/07/2014 14:11
2276,Abila Scrapyard,2149.28,01/07/2014 14:16
4530,Kronos Pipe and Irrigation,3920.82,01/07/2014 14:19
7792,Carlyle Chemical Inc.,4803.13,01/07/2014 14:34
2276,Stewart and Sons Fabrication,962.2,01/07/2014 15:03
4530,Maximum Iron and Steel,3207.31,01/07/2014 15:20
8642,Abila Airport,3411.29,01/07/2014 15:41
2276,Nationwide Refinery,889.58,01/07/2014 16:24
7819,Guy's Gyros,14.87,01/07/2014 19:45
3484,Guy's Gyros,31.23,01/07/2014 19:48
1877,Hippokampos,20.17,01/07/2014 20:01
1415,Hippokampos,11.56,01/07/2014 20:02
6895,Albert's Fine Clothing,308.36,01/07/2014 20:04
7253,Katerina's Cafe,19.49,01/07/2014 20:09
7117,Albert's Fine Clothing,78.91,01/07/2014 20:10
7384,Guy's Gyros,42.25,01/07/2014 20:10
4795,Guy's Gyros,26.82,01/07/2014 20:10
2142,Katerina's Cafe,10.07,01/07/2014 20:11
9683,Guy's Gyros,76.71,01/07/2014 20:11
1874,Katerina's Cafe,55.63,01/07/2014 20:12
7889,Katerina's Cafe,94.75,01/07/2014 20:13
8202,Katerina's Cafe,65.02,01/07/2014 20:13
3853,Guy's Gyros,62.33,01/07/2014 20:14
9241,Ouzeri Elian,11.41,01/07/2014 20:15
8411,Katerina's Cafe,31.6,01/07/2014 20:18
7354,Guy's Gyros,89.76,01/07/2014 20:19
6901,Frydos Autosupply n' More,312.73,01/07/2014 20:20
5921,Katerina's Cafe,19.53,01/07/2014 20:32
9617,Katerina's Cafe,17.26,01/07/2014 20:33
6691,Katerina's Cafe,25.54,01/07/2014 20:33
1321,Hippokampos,70.19,01/07/2014 20:34
5368,Guy's Gyros,23.12,01/07/2014 20:34
3492,Katerina's Cafe,32.83,01/07/2014 20:47
2681,Ouzeri Elian,20.53,01/07/2014 20:49
8156,Hippokampos,32.99,01/07/2014 20:51
9405,Katerina's Cafe,33.29,01/07/2014 21:01
2540,Hippokampos,21.2,01/07/2014 21:03
2463,Hippokampos,37.88,01/07/2014 21:17
1310,Katerina's Cafe,18.35,01/07/2014 21:19
7688,Hippokampos,35.85,01/07/2014 21:21
8332,Hippokampos,22.18,01/07/2014 21:51
7354,Brew've Been Served,15.66,01/08/2014 07:31
7108,Hallowed Grounds,12.19,01/08/2014 07:39
1874,Hallowed Grounds,8.15,01/08/2014 07:39
1310,Hallowed Grounds,8.28,01/08/2014 07:39
8129,Hallowed Grounds,5.85,01/08/2014 07:40
4948,Brew've Been Served,3.09,01/08/2014 07:42
9617,Hallowed Grounds,3.4,01/08/2014 07:43
3492,Hallowed Grounds,3.11,01/08/2014 07:47
3853,Brew've Been Served,32.92,01/08/2014 07:48
6816,Brew've Been Served,8.27,01/08/2014 07:48
9683,Brew've Been Served,19.17,01/08/2014 07:48
9405,Brew've Been Served,33.68,01/08/2014 07:50
2681,Hallowed Grounds,3.9,01/08/2014 07:50
7253,Coffee Cameleon,6.59,01/08/2014 07:51
5921,Coffee Cameleon,12.26,01/08/2014 07:52
7889,Hallowed Grounds,79.92,01/08/2014 07:55
3484,Brew've Been Served,91.87,01/08/2014 07:55
9551,Hallowed Grounds,12.86,01/08/2014 07:56
5368,Brew've Been Served,74.88,01/08/2014 07:57
6691,Hallowed Grounds,11.63,01/08/2014 07:57
5407,Brew've Been Served,8.4,01/08/2014 07:58
2142,Coffee Cameleon,15.71,01/08/2014 07:59
4795,Brew've Been Served,32.3,01/08/2014 08:00
8202,Brew've Been Served,3.92,01/08/2014 08:01
7819,Brew've Been Served,17.13,01/08/2014 08:01
7384,Brew've Been Served,3.42,01/08/2014 08:01
6901,Brew've Been Served,10.15,01/08/2014 08:03
8411,Brew've Been Served,11.48,01/08/2014 08:09
1286,Brew've Been Served,7.26,01/08/2014 08:16
4434,Brew've Been Served,6.3,01/08/2014 08:18
2418,Coffee Cameleon,16.17,01/08/2014 08:22
7792,Carlyle Chemical Inc.,3048.31,01/08/2014 09:43
9152,Nationwide Refinery,4513.16,01/08/2014 09:54
9735,Nationwide Refinery,3674.32,01/08/2014 10:14
9152,Stewart and Sons Fabrication,1738.26,01/08/2014 11:28
9735,Stewart and Sons Fabrication,1673.77,01/08/2014 11:58
7117,Coffee Shack,13.13,01/08/2014 12:00
1415,Bean There Done That,17.45,01/08/2014 12:00
9635,Bean There Done That,12.07,01/08/2014 12:00
7688,Brewed Awakenings,11.73,01/08/2014 12:00
6899,Jack's Magical Beans,3.96,01/08/2014 12:00
2540,Brewed Awakenings,12.32,01/08/2014 12:00
1877,Bean There Done That,8.06,01/08/2014 12:00
8332,Brewed Awakenings,15.03,01/08/2014 12:00
1321,Bean There Done That,94.96,01/08/2014 12:00
9241,Jack's Magical Beans,18.78,01/08/2014 12:00
8156,Jack's Magical Beans,12.37,01/08/2014 12:00
2463,Jack's Magical Beans,31.25,01/08/2014 12:00
3853,Frank's Fuel,65.34,01/08/2014 12:29
8642,Abila Airport,2723.18,01/08/2014 12:45
2540,Chostus Hotel,107.51,01/08/2014 12:56
4530,Carlyle Chemical Inc.,4983.52,01/08/2014 13:03
5407,Abila Zacharo,22.13,01/08/2014 13:10
8332,Hippokampos,26.55,01/08/2014 13:12
4795,Hippokampos,9.03,01/08/2014 13:15
7792,Katerina's Cafe,29.26,01/08/2014 13:19
9683,Chostus Hotel,111.89,01/08/2014 13:19
8156,Ouzeri Elian,109.73,01/08/2014 13:21
2463,Abila Zacharo,36.85,01/08/2014 13:23
7253,Hippokampos,16.59,01/08/2014 13:26
8411,Gelatogalore,32.79,01/08/2014 13:27
6899,Katerina's Cafe,8.53,01/08/2014 13:28
9405,Gelatogalore,20.72,01/08/2014 13:28
5921,Kalami Kafenion,24.08,01/08/2014 13:29
1321,Hippokampos,37.89,01/08/2014 13:31
7384,Guy's Gyros,30.12,01/08/2014 13:32
1415,Abila Zacharo,14.41,01/08/2014 13:34
1310,Katerina's Cafe,88.98,01/08/2014 13:34
1286,Gelatogalore,50.36,01/08/2014 13:38
3484,Gelatogalore,119.75,01/08/2014 13:39
3853,Guy's Gyros,77.9,01/08/2014 13:40
2142,Katerina's Cafe,26.45,01/08/2014 13:41
7889,Gelatogalore,35.29,01/08/2014 13:42
8202,Kalami Kafenion,22.49,01/08/2014 13:42
6895,Katerina's Cafe,57.04,01/08/2014 13:42
9551,Hippokampos,39.8,01/08/2014 13:43
7354,Kalami Kafenion,31.96,01/08/2014 13:44
3492,Kalami Kafenion,23.82,01/08/2014 13:45
2681,Abila Zacharo,28.25,01/08/2014 13:46
1877,Katerina's Cafe,27.05,01/08/2014 13:47
2418,Gelatogalore,22.27,01/08/2014 13:47
5368,Ouzeri Elian,104.92,01/08/2014 13:47
9635,Hippokampos,28.79,01/08/2014 13:48
7819,Gelatogalore,116.72,01/08/2014 13:48
1874,Guy's Gyros,15.86,01/08/2014 13:51
6901,Abila Zacharo,30.85,01/08/2014 13:51
6816,Kalami Kafenion,14.77,01/08/2014 13:52
9617,Abila Zacharo,16.2,01/08/2014 13:53
4434,Guy's Gyros,10.34,01/08/2014 13:57
7108,Katerina's Cafe,22.94,01/08/2014 14:06
4530,Kronos Pipe and Irrigation,3615.61,01/08/2014 14:09
7117,Kalami Kafenion,34.98,01/08/2014 14:15
4948,Gelatogalore,39.94,01/08/2014 14:17
8129,Kalami Kafenion,31.43,01/08/2014 14:19
7792,Carlyle Chemical Inc.,4901.88,01/08/2014 14:26
4530,Maximum Iron and Steel,3136.01,01/08/2014 15:18
8642,Abila Airport,2769.12,01/08/2014 15:29
1415,Hippokampos,10.52,01/08/2014 19:21
2540,Hippokampos,16.54,01/08/2014 19:28
5407,Katerina's Cafe,34.25,01/08/2014 19:32
7354,Guy's Gyros,15.69,01/08/2014 19:36
4434,Guy's Gyros,30.48,01/08/2014 19:48
8411,Katerina's Cafe,13.83,01/08/2014 20:00
6895,Hippokampos,32.66,01/08/2014 20:02
7384,Guy's Gyros,28.81,01/08/2014 20:07
2418,Frydos Autosupply n' More,214.07,01/08/2014 20:07
5368,Guy's Gyros,33.02,01/08/2014 20:08
1310,Katerina's Cafe,31.59,01/08/2014 20:08
1286,Ouzeri Elian,62.2,01/08/2014 20:12
3484,Guy's Gyros,99.08,01/08/2014 20:15
3853,Frydos Autosupply n' More,182.56,01/08/2014 20:17
9683,Guy's Gyros,18.24,01/08/2014 20:17
2142,Katerina's Cafe,33.31,01/08/2014 20:27
7117,Hippokampos,96.75,01/08/2014 20:28
6691,Frydos Autosupply n' More,268.89,01/08/2014 20:28
7889,Katerina's Cafe,36.6,01/08/2014 20:31
8202,Katerina's Cafe,16.93,01/08/2014 20:35
5921,Katerina's Cafe,92.83,01/08/2014 20:42
9635,Albert's Fine Clothing,136.01,01/08/2014 20:45
8332,Hippokampos,15.64,01/08/2014 20:49
7688,Hippokampos,26.31,01/08/2014 20:53
6901,Guy's Gyros,10.28,01/08/2014 20:57
7819,Guy's Gyros,22.91,01/08/2014 20:58
7108,General Grocer,265.84,01/08/2014 21:00
4948,Katerina's Cafe,28.86,01/08/2014 21:02
1874,Katerina's Cafe,27.87,01/08/2014 21:09
9551,Ouzeri Elian,30.81,01/08/2014 21:16
6899,Ouzeri Elian,29.85,01/08/2014 21:17
2463,Hippokampos,78.99,01/08/2014 21:32
7253,Coffee Cameleon,12.47,01/09/2014 07:35
9683,Brew've Been Served,70.71,01/09/2014 07:36
1310,Hallowed Grounds,17.56,01/09/2014 07:37
5921,Coffee Cameleon,19.99,01/09/2014 07:37
7108,Hallowed Grounds,56.77,01/09/2014 07:42
5368,Brew've Been Served,5.43,01/09/2014 07:43
8129,Hallowed Grounds,75.24,01/09/2014 07:46
4948,Brew've Been Served,4.4,01/09/2014 07:46
7384,Brew've Been Served,5.3,01/09/2014 07:48
7354,Brew've Been Served,34.85,01/09/2014 07:48
4795,Brew've Been Served,5.13,01/09/2014 07:48
9551,Hallowed Grounds,34.45,01/09/2014 07:50
7889,Hallowed Grounds,19.22,01/09/2014 07:51
8202,Brew've Been Served,98.25,01/09/2014 07:56
9617,Hallowed Grounds,18.48,01/09/2014 07:57
8411,Brew've Been Served,5.26,01/09/2014 07:57
9405,Hallowed Grounds,50.25,01/09/2014 07:57
6901,Brew've Been Served,19.47,01/09/2014 07:58
7819,Brew've Been Served,6.61,01/09/2014 08:00
4434,Brew've Been Served,6.21,01/09/2014 08:00
3484,Brew've Been Served,92.12,01/09/2014 08:01
2142,Coffee Cameleon,16.13,01/09/2014 08:03
3492,Hallowed Grounds,65.68,01/09/2014 08:07
1286,Brew've Been Served,17.64,01/09/2014 08:14
5407,Brew've Been Served,5.57,01/09/2014 08:15
2681,Hallowed Grounds,15.33,01/09/2014 08:15
3506,Abila Airport,2358.22,01/09/2014 09:26
7792,Carlyle Chemical Inc.,529.47,01/09/2014 09:54
9735,Nationwide Refinery,674.28,01/09/2014 10:16
3506,Stewart and Sons Fabrication,1015.65,01/09/2014 10:38
4530,Carlyle Chemical Inc.,732.82,01/09/2014 11:21
7792,Nationwide Refinery,289.3,01/09/2014 11:34
9735,Stewart and Sons Fabrication,3544,01/09/2014 11:37
7117,Coffee Shack,5.01,01/09/2014 12:00
1415,Bean There Done That,13,01/09/2014 12:00
7688,Brewed Awakenings,11.76,01/09/2014 12:00
6899,Jack's Magical Beans,10.11,01/09/2014 12:00
3853,Jack's Magical Beans,6,01/09/2014 12:00
2540,Brewed Awakenings,13.16,01/09/2014 12:00
1877,Bean There Done That,4.06,01/09/2014 12:00
8332,Brewed Awakenings,17.66,01/09/2014 12:00
1321,Bean There Done That,15.53,01/09/2014 12:00
9241,Jack's Magical Beans,12.13,01/09/2014 12:00
8156,Jack's Magical Beans,15.55,01/09/2014 12:00
2463,Jack's Magical Beans,37.43,01/09/2014 12:00
8642,Abila Airport,202.93,01/09/2014 12:13
3506,Nationwide Refinery,1440.39,01/09/2014 12:49
8332,Ouzeri Elian,31.03,01/09/2014 12:59
7253,Katerina's Cafe,17.02,01/09/2014 13:03
5407,Gelatogalore,19.2,01/09/2014 13:12
2276,Abila Airport,4792.5,01/09/2014 13:18
7688,Ouzeri Elian,26.09,01/09/2014 13:21
4795,Gelatogalore,23.45,01/09/2014 13:21
7354,Guy's Gyros,105.4,01/09/2014 13:21
6899,Gelatogalore,8.6,01/09/2014 13:23
2540,Gelatogalore,56.74,01/09/2014 13:23
6816,Ouzeri Elian,22.4,01/09/2014 13:23
7792,Katerina's Cafe,16.98,01/09/2014 13:23
3484,Abila Zacharo,8.16,01/09/2014 13:24
6895,Kalami Kafenion,110.76,01/09/2014 13:27
8156,Katerina's Cafe,25.85,01/09/2014 13:27
7889,Guy's Gyros,13.59,01/09/2014 13:28
2418,Hippokampos,27.47,01/09/2014 13:29
2463,Abila Zacharo,8.6,01/09/2014 13:32
3853,Katerina's Cafe,10.42,01/09/2014 13:35
8411,Gelatogalore,23.23,01/09/2014 13:35
9683,Hippokampos,27.93,01/09/2014 13:36
1321,Hippokampos,9.12,01/09/2014 13:37
7384,Kalami Kafenion,18.14,01/09/2014 13:38
1874,Abila Zacharo,20.73,01/09/2014 13:40
9405,Gelatogalore,11.94,01/09/2014 13:40
9551,Abila Zacharo,89.41,01/09/2014 13:41
9635,Hippokampos,8.43,01/09/2014 13:41
5368,Hippokampos,39.22,01/09/2014 13:41
1415,Guy's Gyros,74.91,01/09/2014 13:43
9617,Guy's Gyros,15,01/09/2014 13:44
2681,Gelatogalore,24.68,01/09/2014 13:45
1286,Abila Zacharo,48.39,01/09/2014 13:47
1310,Hippokampos,13.84,01/09/2014 13:51
2142,Hippokampos,16.65,01/09/2014 13:53
4948,Kalami Kafenion,19.84,01/09/2014 13:56
4434,Hippokampos,65.7,01/09/2014 13:56
6901,Guy's Gyros,8.87,01/09/2014 13:56
6691,Kalami Kafenion,35.99,01/09/2014 14:03
8129,Kalami Kafenion,10.94,01/09/2014 14:04
7108,Ouzeri Elian,32.89,01/09/2014 14:04
1877,Katerina's Cafe,8.01,01/09/2014 14:06
8202,Guy's Gyros,27.69,01/09/2014 14:09
2276,Abila Scrapyard,1158.36,01/09/2014 14:12
5921,Guy's Gyros,17.44,01/09/2014 14:13
7819,Abila Zacharo,14.37,01/09/2014 14:15
7117,Gelatogalore,36.75,01/09/2014 14:18
7792,Carlyle Chemical Inc.,382.43,01/09/2014 14:26
4530,Kronos Pipe and Irrigation,423.14,01/09/2014 14:28
2276,Stewart and Sons Fabrication,918.6,01/09/2014 15:00
4530,Maximum Iron and Steel,1527.14,01/09/2014 15:16
8642,Abila Airport,4538.52,01/09/2014 15:50
7792,Carlyle Chemical Inc.,2176.2,01/09/2014 16:22
2276,Nationwide Refinery,1322.5,01/09/2014 16:27
8129,Katerina's Cafe,35.92,01/09/2014 19:25
5921,Katerina's Cafe,26.6,01/09/2014 19:30
3484,Frydos Autosupply n' More,138.02,01/09/2014 19:32
7354,Guy's Gyros,31.81,01/09/2014 19:41
6899,Ouzeri Elian,27.08,01/09/2014 19:42
9241,Ouzeri Elian,31.07,01/09/2014 19:43
6816,Guy's Gyros,29.96,01/09/2014 19:52
2540,Hippokampos,15.02,01/09/2014 20:05
4948,Katerina's Cafe,26.6,01/09/2014 20:06
3492,Katerina's Cafe,19.02,01/09/2014 20:08
6691,Katerina's Cafe,90.97,01/09/2014 20:09
1877,Hippokampos,70.68,01/09/2014 20:15
4795,General Grocer,285.34,01/09/2014 20:19
9405,Katerina's Cafe,91.14,01/09/2014 20:20
6901,Frydos Autosupply n' More,31.24,01/09/2014 20:20
7117,Albert's Fine Clothing,224.52,01/09/2014 20:21
1321,Frydos Autosupply n' More,120.65,01/09/2014 20:21
8202,Katerina's Cafe,29.82,01/09/2014 20:22
7889,Guy's Gyros,8.23,01/09/2014 20:23
1286,Guy's Gyros,18.26,01/09/2014 20:24
5407,Katerina's Cafe,53.78,01/09/2014 20:27
7253,Guy's Gyros,23.34,01/09/2014 20:29
2418,Katerina's Cafe,30.69,01/09/2014 20:38
5368,Guy's Gyros,8.23,01/09/2014 20:38
7384,Guy's Gyros,35.05,01/09/2014 20:39
2463,Hippokampos,9.13,01/09/2014 20:41
3853,Frydos Autosupply n' More,276.75,01/09/2014 20:45
6895,Hippokampos,24.96,01/09/2014 21:01
4434,Guy's Gyros,31.31,01/09/2014 21:09
8156,Hippokampos,23.66,01/09/2014 21:12
2681,Shoppers' Delight,258.43,01/09/2014 21:13
1310,Katerina's Cafe,8.57,01/09/2014 21:18
8332,Albert's Fine Clothing,229.98,01/09/2014 21:27
9635,Hippokampos,10.12,01/09/2014 21:38
8129,Hallowed Grounds,16.75,01/10/2014 07:34
6816,Brew've Been Served,15.85,01/10/2014 07:35
7253,Coffee Cameleon,8.51,01/10/2014 07:40
1874,Hallowed Grounds,12.03,01/10/2014 07:41
9617,Hallowed Grounds,8.34,01/10/2014 07:41
1310,Hallowed Grounds,11.49,01/10/2014 07:41
3484,Brew've Been Served,5.01,01/10/2014 07:45
3492,Hallowed Grounds,11.38,01/10/2014 07:45
2681,Hallowed Grounds,17.63,01/10/2014 07:46
4948,Brew've Been Served,44.88,01/10/2014 07:47
5921,Coffee Cameleon,11.54,01/10/2014 07:47
9405,Brew've Been Served,13.32,01/10/2014 07:48
7889,Hallowed Grounds,10.34,01/10/2014 07:49
9683,Brew've Been Served,89.93,01/10/2014 07:49
7108,Hallowed Grounds,10.76,01/10/2014 07:50
5407,Brew've Been Served,12.77,01/10/2014 07:51
7384,Brew've Been Served,83.44,01/10/2014 07:54
2418,Coffee Cameleon,9.69,01/10/2014 07:54
5368,Brew've Been Served,85.91,01/10/2014 07:55
4795,Brew've Been Served,97.25,01/10/2014 07:56
7354,Brew've Been Served,90.72,01/10/2014 07:56
9614,Abila Airport,4039.36,01/10/2014 07:59
1286,Brew've Been Served,5.89,01/10/2014 08:01
6901,Brew've Been Served,5.31,01/10/2014 08:01
6691,Hallowed Grounds,9.34,01/10/2014 08:06
3853,Brew've Been Served,14.45,01/10/2014 08:09
7819,Brew've Been Served,3.03,01/10/2014 08:09
2142,Coffee Cameleon,13.25,01/10/2014 08:11
8202,Brew've Been Served,8.47,01/10/2014 08:17
4434,Brew've Been Served,12.64,01/10/2014 08:17
8411,Brew've Been Served,14.36,01/10/2014 08:20
9614,Carlyle Chemical Inc.,227.81,01/10/2014 09:09
7688,Kronos Mart,203.91,01/10/2014 09:30
9735,Nationwide Refinery,1552.82,01/10/2014 10:00
9614,Nationwide Refinery,2302.73,01/10/2014 10:40
9735,Stewart and Sons Fabrication,4074.1,01/10/2014 11:49
1415,Bean There Done That,15.39,01/10/2014 12:00
9635,Bean There Done That,3.92,01/10/2014 12:00
7688,Brewed Awakenings,13.82,01/10/2014 12:00
6899,Jack's Magical Beans,15.69,01/10/2014 12:00
2540,Brewed Awakenings,6.17,01/10/2014 12:00
1877,Bean There Done That,13.41,01/10/2014 12:00
8332,Brewed Awakenings,13.9,01/10/2014 12:00
1321,Bean There Done That,18.67,01/10/2014 12:00
6895,Bean There Done That,9.3,01/10/2014 12:00
9241,Jack's Magical Beans,16.29,01/10/2014 12:00
8156,Jack's Magical Beans,5.46,01/10/2014 12:00
2463,Jack's Magical Beans,8.22,01/10/2014 12:00
9614,Stewart and Sons Fabrication,4195.49,01/10/2014 12:10
9683,Chostus Hotel,133.25,01/10/2014 13:08
2540,Chostus Hotel,197.41,01/10/2014 13:11
8156,Guy's Gyros,36.44,01/10/2014 13:12
9551,Ouzeri Elian,30.71,01/10/2014 13:16
4795,Hippokampos,79.26,01/10/2014 13:20
6816,Guy's Gyros,26.76,01/10/2014 13:25
7253,Guy's Gyros,15.93,01/10/2014 13:27
6899,Abila Zacharo,113.33,01/10/2014 13:29
7688,Katerina's Cafe,34.76,01/10/2014 13:30
3484,Kalami Kafenion,35.69,01/10/2014 13:30
1415,Gelatogalore,26.15,01/10/2014 13:35
3853,Ouzeri Elian,35.24,01/10/2014 13:35
9241,Kalami Kafenion,101.5,01/10/2014 13:35
1310,Abila Zacharo,36.73,01/10/2014 13:36
7354,Katerina's Cafe,25.36,01/10/2014 13:36
7384,Guy's Gyros,26.68,01/10/2014 13:38
2418,Katerina's Cafe,21.22,01/10/2014 13:38
2463,Hippokampos,32.01,01/10/2014 13:40
8411,Guy's Gyros,38.15,01/10/2014 13:44
9405,Ouzeri Elian,20.46,01/10/2014 13:44
5407,Kalami Kafenion,27.48,01/10/2014 13:45
2681,Abila Zacharo,31.34,01/10/2014 13:46
9635,Guy's Gyros,31.5,01/10/2014 13:47
6895,Katerina's Cafe,25.62,01/10/2014 13:47
2142,Katerina's Cafe,24.33,01/10/2014 13:47
1877,Ouzeri Elian,15.25,01/10/2014 13:50
1321,Guy's Gyros,31.05,01/10/2014 13:52
4434,Kalami Kafenion,24.3,01/10/2014 13:53
8129,Guy's Gyros,16.34,01/10/2014 13:57
5368,Ouzeri Elian,24.74,01/10/2014 13:57
6901,Hippokampos,39.89,01/10/2014 13:58
1874,Abila Zacharo,8.22,01/10/2014 13:59
3492,Abila Zacharo,16.12,01/10/2014 14:01
7819,Abila Zacharo,36.38,01/10/2014 14:03
7117,Hippokampos,11.61,01/10/2014 14:07
9617,Ouzeri Elian,30.93,01/10/2014 14:07
7108,Katerina's Cafe,77.62,01/10/2014 14:08
6691,Abila Zacharo,9.32,01/10/2014 14:09
8202,Gelatogalore,32.19,01/10/2014 14:11
4948,Hippokampos,10.16,01/10/2014 14:20
4795,Octavio's Office Supplies,139.72,01/10/2014 14:41
7253,Octavio's Office Supplies,64.51,01/10/2014 16:07
6899,Ouzeri Elian,19.92,01/10/2014 18:52
7889,Frydos Autosupply n' More,98.39,01/10/2014 18:57
6816,Guy's Gyros,23.61,01/10/2014 19:45
1415,Hippokampos,48.22,01/10/2014 19:46
8129,Katerina's Cafe,19.57,01/10/2014 19:50
4795,Guy's Gyros,27.78,01/10/2014 19:54
7117,Hippokampos,19.88,01/10/2014 19:56
5921,Katerina's Cafe,21.89,01/10/2014 19:56
8202,Frydos Autosupply n' More,43.65,01/10/2014 20:02
9405,Katerina's Cafe,15.76,01/10/2014 20:08
7688,Hippokampos,70.48,01/10/2014 20:09
8411,Katerina's Cafe,8.14,01/10/2014 20:09
6901,Guy's Gyros,29.81,01/10/2014 20:09
6895,Albert's Fine Clothing,126.13,01/10/2014 20:11
7384,Frydos Autosupply n' More,237.08,01/10/2014 20:15
7819,Shoppers' Delight,279.53,01/10/2014 20:17
7108,Guy's Gyros,35.54,01/10/2014 20:20
3853,Guy's Gyros,37.37,01/10/2014 20:23
5407,Katerina's Cafe,21.28,01/10/2014 20:42
8332,Hippokampos,17.21,01/10/2014 20:50
7354,Roberts and Sons,241.2,01/10/2014 21:11
5368,Guy's Gyros,25.81,01/10/2014 21:13
8156,Hippokampos,27,01/10/2014 21:17
4434,General Grocer,227.28,01/10/2014 21:28
2463,Hippokampos,79.97,01/10/2014 22:21
8156,Katerina's Cafe,45.22,01/11/2014 13:19
2418,Katerina's Cafe,45.21,01/11/2014 13:23
6895,Katerina's Cafe,29.1,01/11/2014 13:32
1310,Abila Zacharo,54.82,01/11/2014 13:32
2540,Abila Zacharo,89.54,01/11/2014 13:33
9617,Gelatogalore,17.31,01/11/2014 13:35
4434,Hippokampos,103.38,01/11/2014 13:36
9551,Hippokampos,75.62,01/11/2014 13:37
6691,Hippokampos,82.23,01/11/2014 13:37
8129,Ouzeri Elian,19.11,01/11/2014 13:40
3484,Katerina's Cafe,71.65,01/11/2014 13:43
7688,Hippokampos,31.1,01/11/2014 13:47
1321,Katerina's Cafe,23.45,01/11/2014 13:50
7253,Abila Zacharo,32.02,01/11/2014 13:51
3853,Gelatogalore,18.74,01/11/2014 13:59
7117,Kalami Kafenion,35.66,01/11/2014 14:09
7108,Kalami Kafenion,39.36,01/11/2014 14:16
2142,Katerina's Cafe,26.02,01/11/2014 14:17
6901,Abila Zacharo,45.2,01/11/2014 14:19
9617,Shoppers' Delight,157.45,01/11/2014 15:15
2418,Shoppers' Delight,238.52,01/11/2014 15:20
8129,General Grocer,78.02,01/11/2014 15:31
1310,Roberts and Sons,256.24,01/11/2014 16:00
4434,Albert's Fine Clothing,211.47,01/11/2014 16:01
7688,Frydos Autosupply n' More,52.73,01/11/2014 16:09
4795,Ahaggo Museum,89.32,01/11/2014 16:24
9683,Ahaggo Museum,52.14,01/11/2014 17:16
9617,Katerina's Cafe,55.67,01/11/2014 19:08
7819,Kalami Kafenion,23.86,01/11/2014 19:17
6899,Ouzeri Elian,69.36,01/11/2014 19:21
7688,Hippokampos,66.21,01/11/2014 19:26
8156,Albert's Fine Clothing,105.33,01/11/2014 19:27
9683,Hippokampos,32.63,01/11/2014 19:27
4795,Hippokampos,63.21,01/11/2014 19:29
2142,Katerina's Cafe,33.18,01/11/2014 19:31
6691,Katerina's Cafe,20.71,01/11/2014 19:32
1877,Hippokampos,11.13,01/11/2014 19:33
6816,Guy's Gyros,55.36,01/11/2014 19:34
2540,Katerina's Cafe,57.36,01/11/2014 19:40
9551,Shoppers' Delight,149.2,01/11/2014 19:44
8332,Hippokampos,63.21,01/11/2014 19:45
7889,Katerina's Cafe,12.55,01/11/2014 19:50
1310,Katerina's Cafe,45.68,01/11/2014 19:51
8411,Katerina's Cafe,15.72,01/11/2014 19:52
9635,Hippokampos,67.37,01/11/2014 19:53
5368,Guy's Gyros,36.2,01/11/2014 19:57
4948,Katerina's Cafe,25.76,01/11/2014 20:00
1286,Kalami Kafenion,50.2,01/11/2014 20:04
2681,Ouzeri Elian,16.69,01/11/2014 20:04
8202,Katerina's Cafe,52.45,01/11/2014 20:06
7384,Guy's Gyros,33.65,01/11/2014 20:06
7354,Guy's Gyros,16.33,01/11/2014 20:09
5407,Frydos Autosupply n' More,211.15,01/11/2014 20:13
9405,Katerina's Cafe,9.78,01/11/2014 20:13
8129,Frydos Autosupply n' More,236.25,01/11/2014 20:22
1415,Hippokampos,70.23,01/11/2014 20:23
2418,Katerina's Cafe,94.68,01/11/2014 20:24
6901,Frydos Autosupply n' More,261,01/11/2014 20:26
7117,Hippokampos,69.8,01/11/2014 20:27
7108,Kalami Kafenion,46.78,01/11/2014 20:30
1874,Katerina's Cafe,57.6,01/11/2014 20:46
8156,Kronos Mart,277.26,01/12/2014 03:39
8332,Ouzeri Elian,38.55,01/12/2014 13:03
5407,Ouzeri Elian,98.45,01/12/2014 13:17
2142,Hippokampos,12.55,01/12/2014 13:25
7819,Ouzeri Elian,24.72,01/12/2014 13:28
1310,Ouzeri Elian,72.32,01/12/2014 13:30
6901,Guy's Gyros,34.74,01/12/2014 13:31
8156,Ouzeri Elian,117.22,01/12/2014 13:32
7117,Hippokampos,29.2,01/12/2014 13:35
1286,Gelatogalore,20.09,01/12/2014 13:40
9683,Abila Zacharo,11.2,01/12/2014 13:45
2463,Desafio Golf Course,129.33,01/12/2014 13:45
2540,Kalami Kafenion,54.36,01/12/2014 13:52
7889,Hippokampos,8.54,01/12/2014 13:54
3492,Kalami Kafenion,14.59,01/12/2014 13:55
1874,Hippokampos,12.57,01/12/2014 14:04
9551,Hippokampos,71.99,01/12/2014 14:06
7688,Desafio Golf Course,220.77,01/12/2014 14:13
8332,Desafio Golf Course,198.46,01/12/2014 14:14
8129,Guy's Gyros,30.47,01/12/2014 14:16
1310,Shoppers' Delight,135.78,01/12/2014 15:10
1286,Shoppers' Delight,86.22,01/12/2014 15:24
7819,Shoppers' Delight,204.37,01/12/2014 15:32
7117,General Grocer,159.3,01/12/2014 15:46
2142,Albert's Fine Clothing,195.81,01/12/2014 15:49
3547,Shoppers' Delight,51.5,01/12/2014 16:08
6901,Ahaggo Museum,120.2,01/12/2014 16:27
7889,Katerina's Cafe,12.64,01/12/2014 19:18
7253,Katerina's Cafe,11.81,01/12/2014 19:21
1321,Hippokampos,27.15,01/12/2014 19:22
7108,Guy's Gyros,42.32,01/12/2014 19:26
7384,Shoppers' Delight,211.03,01/12/2014 19:26
1415,Hippokampos,66.63,01/12/2014 19:29
3853,Guy's Gyros,34.41,01/12/2014 19:32
6895,Hippokampos,49.23,01/12/2014 19:35
7354,Guy's Gyros,12.32,01/12/2014 19:36
5407,Katerina's Cafe,40.94,01/12/2014 19:43
8332,Hippokampos,26.79,01/12/2014 19:44
3492,Katerina's Cafe,17.36,01/12/2014 19:47
1286,Gelatogalore,36.2,01/12/2014 19:50
8156,Hippokampos,52.21,01/12/2014 19:51
5368,Frydos Autosupply n' More,88.93,01/12/2014 19:52
1877,Albert's Fine Clothing,63.36,01/12/2014 19:58
6899,Ouzeri Elian,55.55,01/12/2014 19:59
8129,Katerina's Cafe,39.3,01/12/2014 20:04
9635,Hippokampos,78.21,01/12/2014 20:05
3547,Katerina's Cafe,67.14,01/12/2014 20:11
9405,Katerina's Cafe,15.37,01/12/2014 20:12
2142,Katerina's Cafe,39.55,01/12/2014 20:13
2540,Hippokampos,69.41,01/12/2014 20:15
8411,Katerina's Cafe,16.34,01/12/2014 20:17
4948,Katerina's Cafe,40.25,01/12/2014 20:35
7688,Hippokampos,63.32,01/12/2014 20:38
8202,Frydos Autosupply n' More,161.96,01/12/2014 20:43
1874,Katerina's Cafe,87.09,01/12/2014 20:48
5407,Kronos Mart,147.3,01/13/2014 03:00
9551,Daily Dealz,2.01,01/13/2014 06:04
7889,Hallowed Grounds,9.16,01/13/2014 07:32
5368,Brew've Been Served,16.39,01/13/2014 07:36
7384,Brew've Been Served,8.04,01/13/2014 07:38
3547,Coffee Cameleon,19.93,01/13/2014 07:40
9683,Brew've Been Served,8,01/13/2014 07:40
1310,Hallowed Grounds,3.02,01/13/2014 07:42
6816,Brew've Been Served,24.18,01/13/2014 07:43
3492,Hallowed Grounds,13.68,01/13/2014 07:43
4795,Brew've Been Served,18.71,01/13/2014 07:43
9405,Hallowed Grounds,5.85,01/13/2014 07:44
7354,Brew've Been Served,19.64,01/13/2014 07:53
7108,Hallowed Grounds,19.18,01/13/2014 07:54
2418,Coffee Cameleon,17.49,01/13/2014 07:55
5407,Brew've Been Served,6.08,01/13/2014 07:55
4948,Brew've Been Served,9.53,01/13/2014 07:56
3484,Brew've Been Served,78.23,01/13/2014 07:57
6691,Hallowed Grounds,6.32,01/13/2014 07:57
8411,Brew've Been Served,13.37,01/13/2014 08:00
6816,Kronos Mart,159.06,01/13/2014 08:01
7253,Coffee Cameleon,4.88,01/13/2014 08:02
4434,Brew've Been Served,16.05,01/13/2014 08:04
2681,Hallowed Grounds,55.96,01/13/2014 08:06
1286,Brew've Been Served,11.49,01/13/2014 08:07
2142,Coffee Cameleon,17.76,01/13/2014 08:12
9220,Abila Airport,3617.47,01/13/2014 08:15
6901,Brew've Been Served,13.19,01/13/2014 08:21
7819,Brew've Been Served,6.69,01/13/2014 08:22
8202,Brew've Been Served,19.89,01/13/2014 08:23
9220,Kronos Pipe and Irrigation,2892.74,01/13/2014 08:58
9735,Nationwide Refinery,204.58,01/13/2014 10:12
9220,Maximum Iron and Steel,689.85,01/13/2014 10:20
7117,Coffee Shack,4.09,01/13/2014 12:00
1415,Bean There Done That,7.93,01/13/2014 12:00
9635,Bean There Done That,98.02,01/13/2014 12:00
7688,Brewed Awakenings,12.69,01/13/2014 12:00
6899,Jack's Magical Beans,18.31,01/13/2014 12:00
2540,Brewed Awakenings,56.4,01/13/2014 12:00
1877,Bean There Done That,19.56,01/13/2014 12:00
8332,Brewed Awakenings,16.25,01/13/2014 12:00
1321,Bean There Done That,5.54,01/13/2014 12:00
1874,Bean There Done That,10.37,01/13/2014 12:00
9617,Bean There Done That,15.24,01/13/2014 12:00
6895,Bean There Done That,18.59,01/13/2014 12:00
9220,Carlyle Chemical Inc.,1718.96,01/13/2014 12:00
9241,Jack's Magical Beans,5.22,01/13/2014 12:00
8156,Jack's Magical Beans,9.64,01/13/2014 12:00
2463,Jack's Magical Beans,17.52,01/13/2014 12:00
8642,Abila Airport,4417.03,01/13/2014 12:11
4434,Hippokampos,17.17,01/13/2014 12:27
9220,Ouzeri Elian,19.82,01/13/2014 12:55
8156,Gelatogalore,32.83,01/13/2014 13:03
9551,U-Pump,55.25,01/13/2014 13:18
8332,Gelatogalore,46.45,01/13/2014 13:19
6816,Abila Zacharo,79.95,01/13/2014 13:20
1286,Abila Zacharo,64.5,01/13/2014 13:21
2418,Katerina's Cafe,38.98,01/13/2014 13:23
7253,Hippokampos,35.73,01/13/2014 13:24
9683,Abila Zacharo,8.72,01/13/2014 13:27
9551,Hippokampos,30.51,01/13/2014 13:28
2540,Guy's Gyros,27.49,01/13/2014 13:33
6899,Katerina's Cafe,26.15,01/13/2014 13:34
1321,Abila Zacharo,27.3,01/13/2014 13:34
7354,Hippokampos,59.9,01/13/2014 13:34
9405,Katerina's Cafe,17.21,01/13/2014 13:36
4795,Ouzeri Elian,95.03,01/13/2014 13:37
2142,Guy's Gyros,37.37,01/13/2014 13:39
1874,Katerina's Cafe,8.29,01/13/2014 13:40
2463,Guy's Gyros,29.25,01/13/2014 13:40
1415,Gelatogalore,36.93,01/13/2014 13:41
9635,Abila Zacharo,11.99,01/13/2014 13:42
3853,Abila Zacharo,116.32,01/13/2014 13:48
1310,Ouzeri Elian,8.32,01/13/2014 13:48
3492,Katerina's Cafe,24.26,01/13/2014 13:48
7384,Hippokampos,91.97,01/13/2014 13:50
7819,Abila Zacharo,17.41,01/13/2014 13:51
8411,Guy's Gyros,21.03,01/13/2014 13:51
3547,Katerina's Cafe,29.55,01/13/2014 13:52
5368,Kalami Kafenion,20.33,01/13/2014 13:55
7117,Guy's Gyros,38.07,01/13/2014 14:00
8202,Gelatogalore,36.24,01/13/2014 14:00
2681,Gelatogalore,117.17,01/13/2014 14:01
9617,Hippokampos,25.09,01/13/2014 14:04
1877,Ouzeri Elian,29.75,01/13/2014 14:06
6901,Guy's Gyros,12.76,01/13/2014 14:13
4948,Hippokampos,26.96,01/13/2014 14:21
8129,Guy's Gyros,116.87,01/13/2014 14:33
8642,Abila Airport,2228.08,01/13/2014 16:56
9551,Frydos Autosupply n' More,10000,01/13/2014 19:20
3853,Shoppers' Delight,216.43,01/13/2014 19:27
9551,Ouzeri Elian,28.75,01/13/2014 19:30
8129,Frydos Autosupply n' More,188.57,01/13/2014 19:41
3547,Katerina's Cafe,89.83,01/13/2014 19:50
8411,Frydos Autosupply n' More,64.6,01/13/2014 19:59
6691,Katerina's Cafe,30.84,01/13/2014 19:59
7354,Guy's Gyros,22.34,01/13/2014 20:09
4795,Guy's Gyros,20.47,01/13/2014 20:11
7384,Guy's Gyros,36.89,01/13/2014 20:15
7819,Guy's Gyros,15.84,01/13/2014 20:18
2142,Katerina's Cafe,35.7,01/13/2014 20:24
1310,Katerina's Cafe,91.36,01/13/2014 20:33
7688,Albert's Fine Clothing,288,01/13/2014 20:35
2463,Hippokampos,29.22,01/13/2014 20:35
1415,Hippokampos,31.59,01/13/2014 20:42
1321,Albert's Fine Clothing,49.48,01/13/2014 20:42
1286,Guy's Gyros,88.57,01/13/2014 20:42
2681,Ouzeri Elian,21.83,01/13/2014 20:43
5407,Katerina's Cafe,93.57,01/13/2014 20:44
9683,Guy's Gyros,15.55,01/13/2014 20:44
6901,Shoppers' Delight,144.4,01/13/2014 20:45
7253,Katerina's Cafe,22.24,01/13/2014 20:47
7889,Katerina's Cafe,55.82,01/13/2014 20:51
7108,Guy's Gyros,37.5,01/13/2014 20:59
1874,Katerina's Cafe,27.59,01/13/2014 21:00
5368,Guy's Gyros,19.77,01/13/2014 21:08
2418,Frydos Autosupply n' More,202.05,01/13/2014 21:11
8332,Hippokampos,31.47,01/13/2014 21:12
7117,Hippokampos,32.29,01/13/2014 21:13
9405,Katerina's Cafe,33.11,01/13/2014 21:16
8156,Hippokampos,99.63,01/13/2014 21:27
5368,Brew've Been Served,14.67,01/14/2014 07:27
4795,Brew've Been Served,4.72,01/14/2014 07:31
7889,Hallowed Grounds,10.75,01/14/2014 07:35
7354,Brew've Been Served,7.31,01/14/2014 07:35
3547,Coffee Cameleon,9.8,01/14/2014 07:37
9683,Brew've Been Served,5.87,01/14/2014 07:40
1310,Hallowed Grounds,4.59,01/14/2014 07:42
8129,Hallowed Grounds,16.67,01/14/2014 07:44
4948,Brew've Been Served,14.04,01/14/2014 07:45
7108,Hallowed Grounds,13,01/14/2014 07:45
3484,Brew've Been Served,10.96,01/14/2014 07:45
9405,Brew've Been Served,16.53,01/14/2014 07:45
3853,Brew've Been Served,6.45,01/14/2014 07:48
2418,Coffee Cameleon,11.67,01/14/2014 07:52
7253,Coffee Cameleon,15.63,01/14/2014 07:53
8202,Brew've Been Served,9.53,01/14/2014 07:53
7384,Brew've Been Served,8.24,01/14/2014 07:53
6816,Brew've Been Served,3.66,01/14/2014 07:53
1874,Hallowed Grounds,19.99,01/14/2014 07:54
9617,Hallowed Grounds,50.21,01/14/2014 07:54
2142,Coffee Cameleon,7.84,01/14/2014 07:56
7819,Brew've Been Served,11.94,01/14/2014 07:58
1286,Brew've Been Served,3.21,01/14/2014 08:03
5407,Brew've Been Served,16.39,01/14/2014 08:07
3492,Hallowed Grounds,39.52,01/14/2014 08:12
2681,Hallowed Grounds,10.65,01/14/2014 08:12
8411,Brew've Been Served,11.53,01/14/2014 08:13
6901,Brew've Been Served,12.31,01/14/2014 08:13
6691,Hallowed Grounds,6.16,01/14/2014 08:16
6899,Kronos Mart,58.85,01/14/2014 08:20
7792,Carlyle Chemical Inc.,3630.57,01/14/2014 09:34
9735,Nationwide Refinery,965.72,01/14/2014 10:03
3506,Stewart and Sons Fabrication,600.19,01/14/2014 11:01
7792,Nationwide Refinery,570.95,01/14/2014 11:45
9735,Stewart and Sons Fabrication,278.52,01/14/2014 11:55
7117,Coffee Shack,3.63,01/14/2014 12:00
1415,Bean There Done That,7.28,01/14/2014 12:00
9635,Bean There Done That,19.37,01/14/2014 12:00
7688,Brewed Awakenings,17.14,01/14/2014 12:00
2540,Brewed Awakenings,8.3,01/14/2014 12:00
1877,Bean There Done That,14.56,01/14/2014 12:00
8332,Brewed Awakenings,11.35,01/14/2014 12:00
1321,Bean There Done That,67.82,01/14/2014 12:00
6895,Bean There Done That,5.9,01/14/2014 12:00
9241,Jack's Magical Beans,63.36,01/14/2014 12:00
8156,Jack's Magical Beans,95.7,01/14/2014 12:00
8642,Abila Airport,228.41,01/14/2014 12:30
3506,Nationwide Refinery,1341.01,01/14/2014 13:00
2276,Abila Airport,3379.21,01/14/2014 13:06
8156,Katerina's Cafe,29.12,01/14/2014 13:14
7253,Hippokampos,36.01,01/14/2014 13:17
2540,Chostus Hotel,109.54,01/14/2014 13:17
7792,Katerina's Cafe,34.45,01/14/2014 13:21
9683,Chostus Hotel,113.08,01/14/2014 13:21
6895,Katerina's Cafe,10.03,01/14/2014 13:22
9635,Kalami Kafenion,17.38,01/14/2014 13:24
8332,Kalami Kafenion,15.15,01/14/2014 13:24
7688,Hippokampos,23.69,01/14/2014 13:25
7384,Gelatogalore,27.26,01/14/2014 13:32
2142,Gelatogalore,32.82,01/14/2014 13:32
7354,Katerina's Cafe,20.95,01/14/2014 13:32
2463,Gelatogalore,39.17,01/14/2014 13:33
4795,Katerina's Cafe,29.1,01/14/2014 13:34
8411,Abila Zacharo,31.09,01/14/2014 13:35
9405,Abila Zacharo,15.26,01/14/2014 13:35
1415,Guy's Gyros,13.27,01/14/2014 13:36
3853,Hippokampos,19.07,01/14/2014 13:37
1310,Abila Zacharo,10.24,01/14/2014 13:37
6816,Abila Zacharo,8.41,01/14/2014 13:38
3484,Ouzeri Elian,107.32,01/14/2014 13:40
5407,Kalami Kafenion,33.13,01/14/2014 13:40
6899,Ouzeri Elian,79.58,01/14/2014 13:41
3547,Katerina's Cafe,75.46,01/14/2014 13:41
7889,Hippokampos,98.81,01/14/2014 13:42
3492,Kalami Kafenion,23.1,01/14/2014 13:42
6691,Katerina's Cafe,31.69,01/14/2014 13:43
1874,Guy's Gyros,16.35,01/14/2014 13:44
1877,Gelatogalore,70.98,01/14/2014 13:49
9617,Guy's Gyros,38.26,01/14/2014 13:49
4948,Kalami Kafenion,27.65,01/14/2014 13:50
1321,Kalami Kafenion,15.27,01/14/2014 13:51
7108,Ouzeri Elian,62.3,01/14/2014 13:51
2681,Ouzeri Elian,33.67,01/14/2014 13:53
5368,Gelatogalore,35.97,01/14/2014 13:57
6901,Hippokampos,17.18,01/14/2014 13:57
7819,Katerina's Cafe,33.54,01/14/2014 13:58
1286,Guy's Gyros,50.4,01/14/2014 13:59
7117,Ouzeri Elian,19.7,01/14/2014 14:01
8129,Gelatogalore,102.03,01/14/2014 14:03
4434,Abila Zacharo,24.87,01/14/2014 14:03
2276,Abila Scrapyard,4277.4,01/14/2014 14:13
8202,Hippokampos,16.73,01/14/2014 14:16
7792,Carlyle Chemical Inc.,854.88,01/14/2014 14:21
8642,Abila Airport,4918.39,01/14/2014 15:32
6816,Octavio's Office Supplies,131.73,01/14/2014 15:49
7792,Carlyle Chemical Inc.,3470.99,01/14/2014 16:16
2276,Nationwide Refinery,4429.76,01/14/2014 16:28
1415,Hippokampos,39.64,01/14/2014 19:44
7108,Guy's Gyros,94.26,01/14/2014 19:59
4795,Guy's Gyros,23.59,01/14/2014 20:01
3484,Albert's Fine Clothing,50.77,01/14/2014 20:05
7889,Katerina's Cafe,91.8,01/14/2014 20:09
8129,Katerina's Cafe,27.67,01/14/2014 20:15
6816,Guy's Gyros,18.11,01/14/2014 20:15
5368,Guy's Gyros,35.12,01/14/2014 20:17
3547,Katerina's Cafe,36.95,01/14/2014 20:17
7384,Guy's Gyros,12.96,01/14/2014 20:19
5407,Katerina's Cafe,31.94,01/14/2014 20:19
2463,Hippokampos,9.55,01/14/2014 20:22
3853,Guy's Gyros,10.85,01/14/2014 20:25
1874,Katerina's Cafe,12.65,01/14/2014 20:26
7819,Guy's Gyros,25.28,01/14/2014 20:29
6899,Ouzeri Elian,11.86,01/14/2014 20:32
4434,Frydos Autosupply n' More,42.72,01/14/2014 20:33
3492,Katerina's Cafe,11.89,01/14/2014 20:34
9241,Ouzeri Elian,24.06,01/14/2014 20:41
8202,Katerina's Cafe,46.61,01/14/2014 20:42
6901,Frydos Autosupply n' More,146.74,01/14/2014 20:43
2681,Ouzeri Elian,80.95,01/14/2014 20:46
8332,Hippokampos,43.56,01/14/2014 20:48
9635,Albert's Fine Clothing,228.72,01/14/2014 20:50
8411,Katerina's Cafe,25.4,01/14/2014 20:50
6895,Hippokampos,28.45,01/14/2014 21:04
9617,Katerina's Cafe,18.35,01/14/2014 21:10
9405,Roberts and Sons,223.81,01/14/2014 21:14
4948,Frydos Autosupply n' More,49.21,01/14/2014 21:28
2540,Hippokampos,22.13,01/14/2014 21:31
7354,Guy's Gyros,26.14,01/14/2014 21:31
7889,Hallowed Grounds,11.98,01/15/2014 07:33
7384,Brew've Been Served,3.71,01/15/2014 07:34
9617,Hallowed Grounds,5.28,01/15/2014 07:36
6816,Brew've Been Served,15.5,01/15/2014 07:36
8129,Hallowed Grounds,5.95,01/15/2014 07:39
9683,Brew've Been Served,19.87,01/15/2014 07:40
7108,Hallowed Grounds,12.17,01/15/2014 07:44
2142,Coffee Cameleon,19.93,01/15/2014 07:45
9405,Brew've Been Served,11.47,01/15/2014 07:45
7819,Brew've Been Served,6.58,01/15/2014 07:48
1286,Brew've Been Served,11.23,01/15/2014 07:49
7354,Brew've Been Served,19.24,01/15/2014 07:50
3547,Coffee Cameleon,14.47,01/15/2014 07:51
6691,Hallowed Grounds,78.69,01/15/2014 07:51
7253,Coffee Cameleon,5.49,01/15/2014 07:56
4795,Brew've Been Served,4.92,01/15/2014 07:57
4948,Brew've Been Served,3.14,01/15/2014 07:58
8411,Brew've Been Served,5.75,01/15/2014 07:58
3484,Brew've Been Served,14.06,01/15/2014 07:58
3492,Hallowed Grounds,14.33,01/15/2014 07:59
5368,Brew've Been Served,8.42,01/15/2014 08:00
1310,Hallowed Grounds,15.27,01/15/2014 08:00
4434,Brew've Been Served,49.7,01/15/2014 08:01
3853,Brew've Been Served,15.58,01/15/2014 08:02
2418,Coffee Cameleon,56.31,01/15/2014 08:05
5407,Brew've Been Served,12.39,01/15/2014 08:05
8202,Brew've Been Served,3.47,01/15/2014 08:06
2681,Hallowed Grounds,14.39,01/15/2014 08:13
6901,Brew've Been Served,18.58,01/15/2014 08:14
7792,Carlyle Chemical Inc.,3608.08,01/15/2014 09:34
9152,Nationwide Refinery,1903.77,01/15/2014 10:00
9735,Nationwide Refinery,1391.24,01/15/2014 10:14
9152,Stewart and Sons Fabrication,4545.38,01/15/2014 11:18
9735,Stewart and Sons Fabrication,4740.68,01/15/2014 11:44
7792,Nationwide Refinery,3004.98,01/15/2014 11:55
9635,Bean There Done That,5.34,01/15/2014 12:00
6899,Jack's Magical Beans,11.15,01/15/2014 12:00
2540,Brewed Awakenings,91.62,01/15/2014 12:00
1877,Bean There Done That,93.13,01/15/2014 12:00
8332,Brewed Awakenings,3.62,01/15/2014 12:00
1321,Bean There Done That,18.96,01/15/2014 12:00
6895,Bean There Done That,15.24,01/15/2014 12:00
9241,Jack's Magical Beans,5.3,01/15/2014 12:00
8156,Jack's Magical Beans,84.06,01/15/2014 12:00
2463,Jack's Magical Beans,19.54,01/15/2014 12:00
8642,Abila Airport,3152.41,01/15/2014 12:25
8156,Kalami Kafenion,22.39,01/15/2014 13:08
7253,Ouzeri Elian,8.93,01/15/2014 13:10
8332,Hippokampos,36.7,01/15/2014 13:12
9683,Hippokampos,118.89,01/15/2014 13:12
7792,Katerina's Cafe,24.15,01/15/2014 13:13
2418,Katerina's Cafe,88.56,01/15/2014 13:17
1415,Guy's Gyros,14.37,01/15/2014 13:22
7889,Abila Zacharo,31,01/15/2014 13:22
3484,Ouzeri Elian,12.9,01/15/2014 13:22
6899,Hippokampos,13,01/15/2014 13:24
7688,Abila Zacharo,23.51,01/15/2014 13:26
1286,Katerina's Cafe,55.6,01/15/2014 13:27
1321,Ouzeri Elian,36.47,01/15/2014 13:31
1874,Kalami Kafenion,26.17,01/15/2014 13:35
8411,Kalami Kafenion,37.15,01/15/2014 13:36
5407,Kalami Kafenion,38.5,01/15/2014 13:37
9405,Hippokampos,8.75,01/15/2014 13:39
2463,Gelatogalore,9.61,01/15/2014 13:39
5368,Ouzeri Elian,25.7,01/15/2014 13:40
2540,Hippokampos,82.61,01/15/2014 13:41
7354,Guy's Gyros,49.34,01/15/2014 13:41
1877,Hippokampos,32.4,01/15/2014 13:42
7108,Ouzeri Elian,22.86,01/15/2014 13:42
2142,Guy's Gyros,15.89,01/15/2014 13:44
9635,Abila Zacharo,88.83,01/15/2014 13:45
6895,Kalami Kafenion,47.86,01/15/2014 13:45
6691,Guy's Gyros,12.19,01/15/2014 13:45
7117,Gelatogalore,24.96,01/15/2014 13:46
8202,Guy's Gyros,16.58,01/15/2014 13:46
7384,Abila Zacharo,20.44,01/15/2014 13:47
8129,Ouzeri Elian,26.61,01/15/2014 13:51
3853,Gelatogalore,31.21,01/15/2014 13:55
7819,Gelatogalore,39.4,01/15/2014 13:58
3547,Abila Zacharo,33.8,01/15/2014 13:58
2681,Gelatogalore,42.36,01/15/2014 13:59
9617,Guy's Gyros,25.58,01/15/2014 14:00
1310,Katerina's Cafe,12.12,01/15/2014 14:00
4434,Hippokampos,118.23,01/15/2014 14:02
3492,Abila Zacharo,24.53,01/15/2014 14:02
4948,Abila Zacharo,46.82,01/15/2014 14:04
4530,Kronos Pipe and Irrigation,2564,01/15/2014 14:12
6901,Kalami Kafenion,28.82,01/15/2014 14:13
7792,Carlyle Chemical Inc.,1112.04,01/15/2014 14:25
4530,Maximum Iron and Steel,4788.22,01/15/2014 15:11
8642,Abila Airport,875.87,01/15/2014 15:40
7792,Carlyle Chemical Inc.,1392.73,01/15/2014 17:01
9241,Ouzeri Elian,28.86,01/15/2014 19:18
3492,Katerina's Cafe,39.23,01/15/2014 19:50
2540,Frydos Autosupply n' More,18.91,01/15/2014 19:52
3484,Guy's Gyros,98.04,01/15/2014 19:53
1415,Hippokampos,13.02,01/15/2014 19:55
4434,Guy's Gyros,31.04,01/15/2014 19:55
7819,General Grocer,126.2,01/15/2014 19:56
8129,Katerina's Cafe,25.08,01/15/2014 19:59
2142,Katerina's Cafe,29.84,01/15/2014 20:00
7354,Guy's Gyros,28.75,01/15/2014 20:02
9683,Frydos Autosupply n' More,235.27,01/15/2014 20:04
9617,Katerina's Cafe,11.45,01/15/2014 20:05
5368,Guy's Gyros,44.91,01/15/2014 20:06
6816,Guy's Gyros,36.35,01/15/2014 20:08
9635,Hippokampos,35.12,01/15/2014 20:10
8332,Shoppers' Delight,162,01/15/2014 20:10
7688,Hippokampos,11.8,01/15/2014 20:16
8411,Katerina's Cafe,29.33,01/15/2014 20:17
1321,Hippokampos,10.35,01/15/2014 20:23
1310,Katerina's Cafe,39.63,01/15/2014 20:23
1877,Hippokampos,16.37,01/15/2014 20:24
8202,Katerina's Cafe,61.61,01/15/2014 20:26
6899,Ouzeri Elian,23.18,01/15/2014 20:29
2418,Katerina's Cafe,29.66,01/15/2014 20:29
1874,Frydos Autosupply n' More,18.66,01/15/2014 20:33
7117,Albert's Fine Clothing,228.15,01/15/2014 20:46
4948,Frydos Autosupply n' More,276.88,01/15/2014 20:57
3853,Guy's Gyros,61.43,01/15/2014 20:59
7253,Katerina's Cafe,13.77,01/15/2014 21:05
1286,Guy's Gyros,27.01,01/15/2014 21:05
2681,Ouzeri Elian,8.57,01/15/2014 21:05
6895,Hippokampos,101.14,01/15/2014 21:08
3547,Katerina's Cafe,27.48,01/15/2014 21:21
8156,Hippokampos,37.16,01/15/2014 21:42
7108,Kronos Mart,298.83,01/16/2014 07:30
5368,Brew've Been Served,25.05,01/16/2014 07:33
7354,Brew've Been Served,8.18,01/16/2014 07:34
3484,Brew've Been Served,19.9,01/16/2014 07:36
3547,Coffee Cameleon,67.19,01/16/2014 07:38
7889,Hallowed Grounds,13.84,01/16/2014 07:44
7108,Hallowed Grounds,18.2,01/16/2014 07:44
3492,Hallowed Grounds,17.74,01/16/2014 07:44
8129,Hallowed Grounds,17.92,01/16/2014 07:45
7384,Brew've Been Served,7.31,01/16/2014 07:50
9617,Hallowed Grounds,44.98,01/16/2014 07:51
1310,Hallowed Grounds,9.6,01/16/2014 07:51
1286,Brew've Been Served,12.67,01/16/2014 07:52
4795,Brew've Been Served,4.7,01/16/2014 07:53
4948,Brew've Been Served,83.84,01/16/2014 07:54
1874,Hallowed Grounds,7.22,01/16/2014 07:54
6816,Brew've Been Served,12.83,01/16/2014 07:55
9683,Brew've Been Served,4.33,01/16/2014 07:56
3853,Brew've Been Served,5.82,01/16/2014 08:02
2418,Coffee Cameleon,63.14,01/16/2014 08:03
9405,Hallowed Grounds,72.61,01/16/2014 08:03
6901,Brew've Been Served,16.67,01/16/2014 08:03
9551,Hallowed Grounds,12.19,01/16/2014 08:05
6691,Hallowed Grounds,18.23,01/16/2014 08:07
8202,Brew've Been Served,90.33,01/16/2014 08:08
4434,Brew've Been Served,17.44,01/16/2014 08:09
2681,Hallowed Grounds,4.6,01/16/2014 08:09
7819,Brew've Been Served,16.9,01/16/2014 08:19
8411,Brew've Been Served,11.21,01/16/2014 08:23
3506,Abila Airport,1676.53,01/16/2014 09:18
7792,Carlyle Chemical Inc.,419.93,01/16/2014 09:52
9735,Nationwide Refinery,1494.44,01/16/2014 10:16
3506,Stewart and Sons Fabrication,940.3,01/16/2014 11:06
7792,Nationwide Refinery,4742.67,01/16/2014 11:25
9735,Stewart and Sons Fabrication,4543.31,01/16/2014 11:45
7117,Coffee Shack,10.48,01/16/2014 12:00
1415,Bean There Done That,19.82,01/16/2014 12:00
9635,Bean There Done That,12.33,01/16/2014 12:00
7688,Brewed Awakenings,17.91,01/16/2014 12:00
6899,Jack's Magical Beans,9.12,01/16/2014 12:00
2540,Brewed Awakenings,6.53,01/16/2014 12:00
1877,Bean There Done That,5.56,01/16/2014 12:00
8332,Brewed Awakenings,6.39,01/16/2014 12:00
1321,Bean There Done That,98.34,01/16/2014 12:00
6895,Bean There Done That,17.4,01/16/2014 12:00
9241,Jack's Magical Beans,14.86,01/16/2014 12:00
8156,Jack's Magical Beans,12.56,01/16/2014 12:00
2463,Jack's Magical Beans,6.95,01/16/2014 12:00
3506,Nationwide Refinery,2047.28,01/16/2014 12:32
8642,Abila Airport,3917.3,01/16/2014 12:40
9683,Katerina's Cafe,11.08,01/16/2014 13:17
7688,Katerina's Cafe,27.82,01/16/2014 13:19
8332,Hippokampos,17.66,01/16/2014 13:19
1286,Abila Zacharo,64.71,01/16/2014 13:22
2276,Abila Airport,3138.98,01/16/2014 13:22
8156,Hippokampos,26.15,01/16/2014 13:22
7889,Guy's Gyros,31.48,01/16/2014 13:23
7792,Katerina's Cafe,34.9,01/16/2014 13:23
6899,Hippokampos,36.17,01/16/2014 13:26
3484,Katerina's Cafe,34.02,01/16/2014 13:27
5407,Katerina's Cafe,39.74,01/16/2014 13:27
3547,Abila Zacharo,31.31,01/16/2014 13:27
9551,Guy's Gyros,10.27,01/16/2014 13:28
7253,Hippokampos,16.53,01/16/2014 13:30
2540,Hippokampos,10.38,01/16/2014 13:30
2463,Gelatogalore,12.33,01/16/2014 13:33
6691,Hippokampos,13.05,01/16/2014 13:35
1415,Hippokampos,31.14,01/16/2014 13:36
9405,Gelatogalore,22.19,01/16/2014 13:37
4795,Abila Zacharo,69.27,01/16/2014 13:39
7819,Guy's Gyros,29.7,01/16/2014 13:42
1321,Hippokampos,14.89,01/16/2014 13:43
5368,Katerina's Cafe,38.32,01/16/2014 13:43
6816,Guy's Gyros,13.48,01/16/2014 13:44
7354,Hippokampos,18.18,01/16/2014 13:44
3853,Ouzeri Elian,12.47,01/16/2014 13:45
8202,Kalami Kafenion,9.27,01/16/2014 13:45
2142,Ouzeri Elian,18.27,01/16/2014 13:45
7108,Abila Zacharo,36.02,01/16/2014 13:47
9635,Kalami Kafenion,91.38,01/16/2014 13:48
4948,Abila Zacharo,24.38,01/16/2014 13:48
1874,Gelatogalore,32.4,01/16/2014 13:48
9617,Hippokampos,29.93,01/16/2014 13:48
3492,Kalami Kafenion,11.83,01/16/2014 13:48
7384,Kalami Kafenion,8.86,01/16/2014 13:49
1310,Hippokampos,8.07,01/16/2014 13:54
8411,Hippokampos,30.02,01/16/2014 13:55
6901,Abila Zacharo,8.43,01/16/2014 13:55
2418,Ouzeri Elian,8.52,01/16/2014 14:00
7117,Ouzeri Elian,8.47,01/16/2014 14:01
1877,Guy's Gyros,32.8,01/16/2014 14:05
5368,Octavio's Office Supplies,131.01,01/16/2014 15:58
2276,Abila Scrapyard,1897.05,01/16/2014 16:56
4434,Gelatogalore,10.62,01/16/2014 17:07
7792,Carlyle Chemical Inc.,1814.24,01/16/2014 17:17
8411,Katerina's Cafe,93.68,01/16/2014 18:49
7384,Guy's Gyros,25.57,01/16/2014 19:04
3484,Guy's Gyros,8.31,01/16/2014 19:09
7889,Katerina's Cafe,10.93,01/16/2014 19:39
4795,Guy's Gyros,37.8,01/16/2014 19:40
1874,Frydos Autosupply n' More,53.37,01/16/2014 19:45
3547,Katerina's Cafe,34.34,01/16/2014 19:47
5407,Katerina's Cafe,69.3,01/16/2014 20:05
7117,Albert's Fine Clothing,283.38,01/16/2014 20:08
8129,Katerina's Cafe,18.79,01/16/2014 20:09
6901,Guy's Gyros,28.27,01/16/2014 20:09
1321,Hippokampos,29.13,01/16/2014 20:13
9683,Guy's Gyros,111.31,01/16/2014 20:14
3853,Guy's Gyros,25.78,01/16/2014 20:17
6816,Guy's Gyros,30.76,01/16/2014 20:17
9617,Katerina's Cafe,13.91,01/16/2014 20:23
6899,Ouzeri Elian,23.89,01/16/2014 20:25
7819,Albert's Fine Clothing,91.71,01/16/2014 20:25
2418,Katerina's Cafe,35.43,01/16/2014 20:25
4434,Roberts and Sons,155.76,01/16/2014 20:25
2681,Ouzeri Elian,22.65,01/16/2014 20:25
9551,Ouzeri Elian,9.91,01/16/2014 20:28
9405,Katerina's Cafe,30.84,01/16/2014 20:28
7108,Guy's Gyros,11.31,01/16/2014 20:35
2142,Katerina's Cafe,19.44,01/16/2014 20:36
8202,Katerina's Cafe,30.56,01/16/2014 20:39
6895,Hippokampos,114,01/16/2014 20:42
2463,Hippokampos,27.74,01/16/2014 20:43
1877,Shoppers' Delight,160.69,01/16/2014 20:45
1286,Shoppers' Delight,16.84,01/16/2014 20:50
3492,Katerina's Cafe,34.58,01/16/2014 20:51
7354,Roberts and Sons,240.66,01/16/2014 20:52
4948,Frydos Autosupply n' More,130.01,01/16/2014 20:54
8332,Hippokampos,12.47,01/16/2014 20:58
7688,Hippokampos,20.84,01/16/2014 21:13
9241,Ouzeri Elian,29.99,01/16/2014 21:16
7384,Brew've Been Served,52.56,01/17/2014 07:29
1310,Hallowed Grounds,3.25,01/17/2014 07:31
7889,Hallowed Grounds,14.58,01/17/2014 07:33
5368,Brew've Been Served,11.69,01/17/2014 07:36
3547,Coffee Cameleon,10.27,01/17/2014 07:38
9617,Hallowed Grounds,15.98,01/17/2014 07:39
8129,Hallowed Grounds,10.52,01/17/2014 07:41
4948,Brew've Been Served,8.07,01/17/2014 07:50
7253,Coffee Cameleon,6.81,01/17/2014 07:51
1874,Hallowed Grounds,18.6,01/17/2014 07:52
6816,Coffee Cameleon,9.16,01/17/2014 07:52
5010,Hallowed Grounds,9.72,01/17/2014 07:56
7354,Brew've Been Served,10.52,01/17/2014 07:57
6691,Hallowed Grounds,5.52,01/17/2014 07:59
4795,Brew've Been Served,19.39,01/17/2014 07:59
3484,Brew've Been Served,13.66,01/17/2014 08:03
3492,Hallowed Grounds,38.22,01/17/2014 08:03
9551,Hallowed Grounds,9.4,01/17/2014 08:04
9405,Brew've Been Served,16.62,01/17/2014 08:04
2418,Coffee Cameleon,7.49,01/17/2014 08:07
1415,Kronos Mart,286.24,01/17/2014 08:08
8202,Brew've Been Served,9.3,01/17/2014 08:09
5407,Brew've Been Served,18.15,01/17/2014 08:12
2681,Hallowed Grounds,6.39,01/17/2014 08:12
4434,Coffee Cameleon,14.99,01/17/2014 08:13
3853,Brew've Been Served,3.09,01/17/2014 08:15
6901,Brew've Been Served,5.29,01/17/2014 08:17
8411,Brew've Been Served,14.58,01/17/2014 08:19
7819,Brew've Been Served,15.46,01/17/2014 08:22
1286,Brew've Been Served,51.04,01/17/2014 08:23
9735,Stewart and Sons Fabrication,1753.17,01/17/2014 11:32
7117,Coffee Shack,19.16,01/17/2014 12:00
1415,Bean There Done That,19.67,01/17/2014 12:00
9635,Bean There Done That,8.21,01/17/2014 12:00
7688,Brewed Awakenings,8.16,01/17/2014 12:00
6899,Jack's Magical Beans,7.57,01/17/2014 12:00
2540,Brewed Awakenings,88.69,01/17/2014 12:00
1877,Bean There Done That,19.56,01/17/2014 12:00
8332,Brewed Awakenings,6,01/17/2014 12:00
1321,Bean There Done That,18.72,01/17/2014 12:00
6895,Bean There Done That,5.77,01/17/2014 12:00
9241,Jack's Magical Beans,19.11,01/17/2014 12:00
8332,Abila Zacharo,68.78,01/17/2014 13:11
7253,Kalami Kafenion,140.78,01/17/2014 13:16
2418,Hippokampos,38.21,01/17/2014 13:16
8156,Gelatogalore,15.84,01/17/2014 13:17
7688,Guy's Gyros,8.64,01/17/2014 13:18
3484,Guy's Gyros,22.18,01/17/2014 13:21
4795,Hippokampos,14.57,01/17/2014 13:27
5010,Abila Zacharo,15.95,01/17/2014 13:28
6816,Hippokampos,15.77,01/17/2014 13:31
9635,Gelatogalore,23.23,01/17/2014 13:33
2463,Kalami Kafenion,105.32,01/17/2014 13:37
1415,Ouzeri Elian,14.01,01/17/2014 13:38
3853,Guy's Gyros,39.14,01/17/2014 13:38
1286,Hippokampos,52.31,01/17/2014 13:38
5407,Kalami Kafenion,39.43,01/17/2014 13:38
9405,Kalami Kafenion,27.7,01/17/2014 13:39
1310,Gelatogalore,37.3,01/17/2014 13:40
2142,Abila Zacharo,14.51,01/17/2014 13:41
3547,Katerina's Cafe,21.01,01/17/2014 13:42
7354,Abila Zacharo,79.67,01/17/2014 13:45
2681,Gelatogalore,18.1,01/17/2014 13:47
1321,Katerina's Cafe,13.11,01/17/2014 13:48
9683,Chostus Hotel,114.22,01/17/2014 13:49
1874,Kalami Kafenion,20.02,01/17/2014 13:51
7819,Gelatogalore,34.59,01/17/2014 13:51
9617,Hippokampos,108.35,01/17/2014 13:52
8411,Kalami Kafenion,24.21,01/17/2014 13:53
4434,Katerina's Cafe,35.52,01/17/2014 13:53
2540,Chostus Hotel,159.62,01/17/2014 13:54
6901,Guy's Gyros,32.31,01/17/2014 13:55
3492,Gelatogalore,21.62,01/17/2014 13:57
1877,Hippokampos,21.81,01/17/2014 13:58
7108,Kalami Kafenion,27.73,01/17/2014 13:58
8202,Guy's Gyros,15.12,01/17/2014 14:00
7117,Guy's Gyros,21.1,01/17/2014 14:05
5368,Abila Zacharo,51.95,01/17/2014 14:06
4948,Katerina's Cafe,70.72,01/17/2014 14:15
8129,Ouzeri Elian,26.1,01/17/2014 14:32
3492,Katerina's Cafe,22.18,01/17/2014 19:24
6816,Guy's Gyros,19.68,01/17/2014 19:29
7117,Hippokampos,19.76,01/17/2014 19:40
6899,Ouzeri Elian,38.6,01/17/2014 19:40
1321,Albert's Fine Clothing,1239.41,01/17/2014 19:44
6901,Guy's Gyros,16.83,01/17/2014 19:46
4795,Guy's Gyros,35.1,01/17/2014 19:53
8129,Katerina's Cafe,34.93,01/17/2014 19:57
4948,Frydos Autosupply n' More,124.52,01/17/2014 19:57
2540,Hippokampos,8.92,01/17/2014 20:03
7384,Shoppers' Delight,155.01,01/17/2014 20:05
1310,Katerina's Cafe,21.22,01/17/2014 20:07
9241,Ouzeri Elian,70.21,01/17/2014 20:07
3484,Guy's Gyros,37.55,01/17/2014 20:16
8202,Katerina's Cafe,36.12,01/17/2014 20:19
7253,Katerina's Cafe,19.09,01/17/2014 20:20
7819,Guy's Gyros,8.31,01/17/2014 20:21
1286,Shoppers' Delight,289.33,01/17/2014 20:21
3853,Guy's Gyros,8.54,01/17/2014 20:24
7889,Katerina's Cafe,72.13,01/17/2014 20:24
9551,Ouzeri Elian,35.81,01/17/2014 20:28
2681,Ouzeri Elian,26.4,01/17/2014 20:35
7108,General Grocer,98.03,01/17/2014 20:41
7354,Frydos Autosupply n' More,260.08,01/17/2014 20:41
7688,Hippokampos,11.93,01/17/2014 20:54
2142,Katerina's Cafe,38.21,01/17/2014 20:58
9683,Guy's Gyros,29.71,01/17/2014 20:59
5407,Katerina's Cafe,33.73,01/17/2014 21:05
9405,Katerina's Cafe,27.49,01/17/2014 21:06
4434,Guy's Gyros,55.4,01/17/2014 21:07
5368,Frydos Autosupply n' More,67.29,01/17/2014 21:15
2463,Hippokampos,38.19,01/17/2014 21:29
9635,Hippokampos,12.86,01/17/2014 21:58
5010,Chostus Hotel,600,01/18/2014 12:03
8156,Abila Zacharo,111.93,01/18/2014 13:04
2540,Abila Zacharo,25.59,01/18/2014 13:05
6691,Katerina's Cafe,34.54,01/18/2014 13:15
6895,Ouzeri Elian,33.57,01/18/2014 13:18
5368,Kalami Kafenion,30.12,01/18/2014 13:19
1877,Hippokampos,100.11,01/18/2014 13:21
7253,Abila Zacharo,18.45,01/18/2014 13:25
7384,Guy's Gyros,55.21,01/18/2014 13:27
1874,Guy's Gyros,27.4,01/18/2014 13:28
2463,Kalami Kafenion,38.91,01/18/2014 13:28
9551,Abila Zacharo,16.59,01/18/2014 13:32
3484,Katerina's Cafe,19.3,01/18/2014 13:34
3547,Ouzeri Elian,25.75,01/18/2014 13:34
1321,Kalami Kafenion,24.14,01/18/2014 13:58
2681,Gelatogalore,84.38,01/18/2014 13:58
8411,Katerina's Cafe,37.26,01/18/2014 14:00
8202,Kalami Kafenion,42.73,01/18/2014 14:02
7688,Katerina's Cafe,96.36,01/18/2014 14:03
9617,Guy's Gyros,47.89,01/18/2014 14:05
7819,Katerina's Cafe,24.14,01/18/2014 14:06
6901,Kalami Kafenion,53.36,01/18/2014 14:17
1286,Ahaggo Museum,55.55,01/18/2014 14:51
7384,Ahaggo Museum,120.2,01/18/2014 14:55
6895,Albert's Fine Clothing,35.66,01/18/2014 15:20
5368,Frydos Autosupply n' More,103.41,01/18/2014 15:31
3547,General Grocer,477.6,01/18/2014 15:31
1874,Frydos Autosupply n' More,361.54,01/18/2014 15:32
8156,Shoppers' Delight,258.33,01/18/2014 15:40
7253,Roberts and Sons,62.47,01/18/2014 15:41
1877,Frydos Autosupply n' More,103.55,01/18/2014 15:51
2463,Frydos Autosupply n' More,120.67,01/18/2014 15:53
6691,Albert's Fine Clothing,189.52,01/18/2014 15:57
9635,Frank's Fuel,52.66,01/18/2014 18:39
5407,Frydos Autosupply n' More,234.53,01/18/2014 18:51
8156,Albert's Fine Clothing,226.49,01/18/2014 18:59
3484,Guy's Gyros,39.68,01/18/2014 19:08
8129,Katerina's Cafe,21.63,01/18/2014 19:17
9617,Roberts and Sons,266.69,01/18/2014 19:20
6899,Ouzeri Elian,57.63,01/18/2014 19:21
1321,Hippokampos,21.34,01/18/2014 19:21
5368,Guy's Gyros,28.07,01/18/2014 19:21
9551,Ouzeri Elian,61.56,01/18/2014 19:26
7889,Katerina's Cafe,8.14,01/18/2014 19:30
1874,Katerina's Cafe,22.74,01/18/2014 19:31
4434,Katerina's Cafe,33.41,01/18/2014 19:32
6895,Hippokampos,27.21,01/18/2014 19:35
6691,Katerina's Cafe,35.79,01/18/2014 19:36
4795,Abila Zacharo,21.29,01/18/2014 19:36
2463,Hippokampos,53.21,01/18/2014 19:36
9635,Kalami Kafenion,71.14,01/18/2014 19:39
6816,Guy's Gyros,78.36,01/18/2014 19:39
8332,Hippokampos,63.21,01/18/2014 19:42
7688,Roberts and Sons,125.35,01/18/2014 19:46
8202,Katerina's Cafe,11.19,01/18/2014 19:46
2681,Ouzeri Elian,14.9,01/18/2014 19:46
4948,Katerina's Cafe,16.48,01/18/2014 19:47
3547,Katerina's Cafe,76.1,01/18/2014 19:53
1310,Katerina's Cafe,33.63,01/18/2014 19:54
2418,Katerina's Cafe,32.68,01/18/2014 19:56
1286,Hippokampos,49.21,01/18/2014 20:01
9405,Katerina's Cafe,17.37,01/18/2014 20:01
8411,Katerina's Cafe,45.88,01/18/2014 20:04
6901,General Grocer,108.49,01/18/2014 20:07
7354,Katerina's Cafe,19.31,01/18/2014 20:09
1415,Hippokampos,72.5,01/18/2014 20:11
3853,Katerina's Cafe,9.72,01/18/2014 20:13
7819,Katerina's Cafe,37.21,01/18/2014 20:15
1877,Hippokampos,29.21,01/18/2014 20:23
7117,Hippokampos,55.03,01/18/2014 20:26
3484,Kronos Mart,87.66,01/19/2014 03:13
9551,Kronos Mart,194.51,01/19/2014 03:45
8332,Kronos Mart,150.36,01/19/2014 03:48
8156,Desafio Golf Course,150.07,01/19/2014 12:41
7688,Desafio Golf Course,145.72,01/19/2014 12:57
7354,Katerina's Cafe,35.01,01/19/2014 13:00
6895,Gelatogalore,22.36,01/19/2014 13:09
4795,Katerina's Cafe,70.22,01/19/2014 13:23
9241,Ahaggo Museum,26.91,01/19/2014 13:26
3484,Ouzeri Elian,23.65,01/19/2014 13:27
2142,Hippokampos,64.37,01/19/2014 13:33
8332,Desafio Golf Course,190.91,01/19/2014 13:51
4434,Katerina's Cafe,26.76,01/19/2014 13:53
1310,Katerina's Cafe,12.78,01/19/2014 14:01
7384,Ouzeri Elian,45.32,01/19/2014 14:08
3492,Katerina's Cafe,54.2,01/19/2014 14:20
6901,Abila Zacharo,47.8,01/19/2014 14:20
6895,General Grocer,70.22,01/19/2014 15:03
2463,Desafio Golf Course,110.02,01/19/2014 15:15
3484,Frydos Autosupply n' More,56.09,01/19/2014 15:26
2142,Albert's Fine Clothing,274.66,01/19/2014 15:39
5010,Desafio Golf Course,148.22,01/19/2014 15:46
4795,Frydos Autosupply n' More,209.76,01/19/2014 15:53
3547,Katerina's Cafe,72.25,01/19/2014 18:54
9635,Hippokampos,101.25,01/19/2014 19:43
8332,Hippokampos,48.23,01/19/2014 19:43
1321,Hippokampos,88.27,01/19/2014 19:44
6895,Hippokampos,46.32,01/19/2014 19:44
7384,Guy's Gyros,65.21,01/19/2014 19:45
1286,Guy's Gyros,23.21,01/19/2014 19:45
3484,Guy's Gyros,58.35,01/19/2014 19:45
9405,Frydos Autosupply n' More,98.04,01/19/2014 19:45
5010,Guy's Gyros,25.79,01/19/2014 19:45
6899,Ouzeri Elian,67.98,01/19/2014 19:48
9551,Ouzeri Elian,32.77,01/19/2014 19:49
6816,Guy's Gyros,100.36,01/19/2014 19:49
7889,Katerina's Cafe,34.03,01/19/2014 19:53
2142,Shoppers' Delight,30.39,01/19/2014 19:56
2463,Hippokampos,63.17,01/19/2014 19:56
7354,Guy's Gyros,18.08,01/19/2014 20:00
2540,Albert's Fine Clothing,254.29,01/19/2014 20:02
1874,Katerina's Cafe,33.79,01/19/2014 20:05
7108,Guy's Gyros,36.87,01/19/2014 20:14
1415,Hippokampos,78.96,01/19/2014 20:16
9683,Guy's Gyros,37.48,01/19/2014 20:16
9617,Katerina's Cafe,38.9,01/19/2014 20:22
3853,Guy's Gyros,20.94,01/19/2014 20:25
4434,Guy's Gyros,31.94,01/19/2014 20:30
6901,Guy's Gyros,39.6,01/19/2014 20:51
